City,Lat,Long,Program,Status
Abeokuta,7.1608,3.3483,Biology: Computational and Integrative (PHD),Admit-Coming
Aberdeen,40.417095,-74.222115,Forensic Science (MS),Admit-Coming
Absecon,39.4229,-74.4944,Prevention Science (PHD),Denied
Abu Dhabi,24.4667,54.3667,Biology (MS),Admit
Abuja,9.0667,7.4833,Biology (MS),Admit
Abuja,9.0667,7.4833,Chemistry (MS),Started App
Abuja,9.0667,7.4833,Chemistry (MS),Complete App
Abuja,9.0667,7.4833,Childhood Studies (PHD),Started App
Abuja,9.0667,7.4833,Data Science (MS),Started App
Abuja,9.0667,7.4833,Prevention Science (MS),Denied
Abule- Egba,6.453056,3.395833,Prevention Science (PHD),Denied
Accra,5.55,-0.2,Biology: Computational and Integrative (MS),Denied
Accra,5.55,-0.2,Business and Science - Computer and Information Sciences (MBS) Camden,Started App
Accra,5.55,-0.2,Chemistry (MS),Complete App
Accra,5.55,-0.2,Chemistry (MS),Complete App
Accra,5.55,-0.2,Chemistry (MS),Complete App
Accra,5.55,-0.2,Chemistry (MS),Complete App
Accra,5.55,-0.2,Chemistry (MS),Admit-Coming
Accra,5.55,-0.2,Computer Science: Scientific Computing (MS),Started App
Accra,5.55,-0.2,Creative Writing (MFA) Camden,Complete App
Accra,5.55,-0.2,Data Science (MS),Started App
Accra,5.55,-0.2,Data Science (MS),Started App
ACCRA,5.55,-0.2,English (MA),Complete App
ACCRA,5.55,-0.2,English (MA),Complete App
Accra,5.55,-0.2,Forensic Science (MS),Complete App
Accra,5.55,-0.2,Forensic Science (MS),Admit-Coming
Accra,5.55,-0.2,Prevention Science (PHD),Started App
Accra,5.55,-0.2,Psychology: Psychological Sciences (MA),Complete App
Accra,5.55,-0.2,Public Administration - On Campus (MPA),Admit-Coming
Adama,8.557617,39.271177,Computer Science: Scientific Computing (MS),Started App
Addis Ababa,9.03,38.74,Criminal Justice (MA),Submitted App
Adenta,5.784465,-0.181424,Biology: Computational and Integrative (MS),Denied
Ado-Ekiti,7.6167,5.2167,Criminal Justice (MA),Complete App
Adum,6.691877,-1.62872,Data Science (MS),Started App
Ahmedabad,23.03,72.58,Computer Science: Scientific Computing (MS),Started App
Ahmedabad,23.03,72.58,Data Science (MS),Started App
Ahmedabad,23.03,72.58,Data Science (MS),Started App
Ahmedabad,23.03,72.58,Data Science (MS),Started App
Ahmedabad,23.03,72.58,Data Science (MS),Complete App
Ahmedabad,23.03,72.58,Data Science (MS),Admit
Ahmedabad,23.03,72.58,Data Science (MS),Admit
Ahmedabad,23.03,72.58,Data Science (MS),Admit
Ahmedabad,23.03,72.58,Data Science (MS),Admit-Coming
Ahmedabad,23.03,72.58,Data Science (MS),Admit-Coming
Ahmedabad,23.03,72.58,Data Science (MS),Admit-Coming
Ahmedabad,23.03,72.58,Data Science (MS),Admit-Coming
Ahmedabad,23.03,72.58,Data Science (MS),Admit-Coming
Ahmedabad,23.03,72.58,Data Science (MS),Denied
Ahmedabad,23.03,72.58,Forensic Science (MS),Started App
Ahmedabad,23.03,72.58,Public Affairs/Community Development (MS),Started App
Ahus,55.9167,14.2833,Psychology: Psychological Sciences (MA),Submitted App
Ajah,6.466667,3.566667,Biology: Computational and Integrative (MS),Denied
Ajmer,26.4499,74.6399,Data Science (MS),Started App
Al Nahda 2,25.288808,55.377963,Computer Science: Scientific Computing (MS),Admit
AL QURAYYAT,31.3167,37.3667,Biology: Computational and Integrative (MS),Denied
Alakuko,6.681828,3.26905,Biology (MS),Withdrawn
Alakuko,6.681828,3.26905,Chemistry (MS),Complete App
Albany,42.6664,-73.7987,Data Science (MS),Admit
Albemarle,35.3594,-80.1915,Liberal Studies - Online (MA),Admit-Coming
Albuquerque,35.1054,-106.6465,English (MA),Complete App
Albuquerque,35.1054,-106.6465,Public Administration - On Campus (MPA),Admit-Withdrawn
Alexandria,31.1975,29.8925,Biology: Computational and Integrative (MS),Denied
Alexandria,31.1975,29.8925,English (MA),Complete App
Allentown,40.5961,-75.4756,Childhood Studies (MA),Started App
Allentown,40.5961,-75.4756,Creative Writing (MFA) Camden,Complete App
Amalapuram,16.5787,82.0061,Data Science (MS),Submitted App
American Fork,40.3783,-111.7953,Biology (MS),Admit
American Fork,40.3783,-111.7953,Chemistry (MS),Complete App
Amityville,40.6696,-73.4156,Psychology: Psychological Sciences (MA),Started App
Amravati,20.9258,77.7647,Data Science (MS),Started App
Amravati,20.9258,77.7647,Data Science (MS),Admit
Amritsar,31.64,74.86,Computer Science: Scientific Computing (MS),Complete App
Amsterdam,52.3728,4.8936,Mathematical Sciences (MS),Admit-Not Coming
Ankara,39.93,32.85,English (MA),Complete App
Ankara,39.93,32.85,English (MA),Complete App
Ankara,39.93,32.85,English (MA),Complete App
Ann Arbor,42.2759,-83.731,Computer Science: Scientific Computing (MS),Admit
Anyang,37.3833,126.9333,Data Science (MS),Admit-Withdrawn
Ardmore,40.0033,-75.2947,Creative Writing (MFA) Camden,Started App
Arlington,32.6998,-97.125,Biology: Computational and Integrative (PHD),Denied
Arlington,32.6998,-97.125,Prevention Science (PHD),Started App
Arnold,53.005,-1.127,Psychology: Psychological Sciences (MA),Admit
Arsikere,13.3139,76.2369,Computer Science: Scientific Computing (MS),Complete App
Astoria,46.1856,-123.8053,Prevention Science (PHD),Started App
Astoria,46.1856,-123.8053,Public Affairs/Community Development (PHD),Alternative Admission
Atebubu,7.75,-0.9833,Business and Science - Computer and Information Sciences (MBS) Camden,Submitted App
Athens,37.9842,23.7281,Data Science (MS),Complete App
Athens,37.9842,23.7281,Liberal Studies - Online (MA),Started App
ATHENS,37.9842,23.7281,Psychology: Psychological Sciences (MA),Complete App
Atlantic City,39.3797,-74.4527,Business and Science - Computer and Information Sciences (MBS) Camden,Withdrawn
Atlantic City,39.3797,-74.4527,Childhood Studies (MA),Submitted App
Atlantic City,39.3797,-74.4527,Criminal Justice (MA),Started App
Auburn,32.6087,-85.4903,Biology: Computational and Integrative (PHD),Admit-Coming
Audubon,39.8906,-75.0722,Creative Writing (MFA) Camden,Complete App
AUDUBON,39.8906,-75.0722,Psychology: Psychological Sciences (MA),Admit
Audubon,39.8906,-75.0722,Teacher Education (MAT),Submitted App
Austin,30.3005,-97.7522,Childhood Studies (PHD),Denied
Aventura,25.9566,-80.1371,Liberal Studies - Online (MA),Admit
Awka,6.2,7.0667,Forensic Science (MS),Admit-Coming
Balikesir,39.6333,27.8833,Creative Writing (MFA) Camden,Complete App
Baltimore,39.3051,-76.6144,Psychology: Psychological Sciences (MA),Complete App
Bangalore,12.9789,77.5917,Biology (MS),Started App
Bangalore,12.9789,77.5917,Biology (MS),Denied
Bangalore,12.9789,77.5917,Business and Science - Computer and Information Sciences (MBS) Camden,Started App
Bangalore,12.9789,77.5917,Business and Science - Computer and Information Sciences (MBS) Camden,Started App
Bangalore,12.9789,77.5917,Computer Science: Scientific Computing (MS),Started App
Bangalore,12.9789,77.5917,Computer Science: Scientific Computing (MS),Started App
Bangalore,12.9789,77.5917,Computer Science: Scientific Computing (MS),Complete App
Bangalore,12.9789,77.5917,Computer Science: Scientific Computing (MS),Complete App
Bangalore,12.9789,77.5917,Computer Science: Scientific Computing (MS),Complete App
Bangalore,12.9789,77.5917,Computer Science: Scientific Computing (MS),Denied
Bangalore,12.9789,77.5917,Computer Science: Scientific Computing (MS),Denied
Bangalore,12.9789,77.5917,Data Science (MS),Started App
Bangalore,12.9789,77.5917,Data Science (MS),Started App
Bangalore,12.9789,77.5917,Data Science (MS),Started App
Bangalore,12.9789,77.5917,Data Science (MS),Started App
Bangalore,12.9789,77.5917,Data Science (MS),Submitted App
Bangalore,12.9789,77.5917,Data Science (MS),Complete App
Bangalore,12.9789,77.5917,Data Science (MS),Admit-Coming
Bangalore,12.9789,77.5917,Data Science (MS),Admit-Coming
Bangalore,12.9789,77.5917,Data Science (MS),Admit-Coming
Bangalore,12.9789,77.5917,Psychology: Psychological Sciences (MA),Complete App
Bareilly,28.364,79.415,Data Science (MS),Admit
Barrington,41.7443,-71.3145,"History (American, Global, Public) (MA)",Admit-Withdrawn
Barrington,41.7443,-71.3145,Teacher Education (MAT),Started App
Baton Rouge,30.442,-91.1311,Computer Science: Scientific Computing (MS),Complete App
Baton Rouge,30.442,-91.1311,Data Science (MS),Complete App
Baton Rouge,30.442,-91.1311,Psychology: Psychological Sciences (MA),Complete App
Battor,6.052101,0.396968,Computer Science: Scientific Computing (MS),Submitted App
Bayeku,6.453056,3.395833,English (MA),Complete App
Bayonne,40.6668,-74.1158,Data Science (MS),Started App
Bayonne,40.6668,-74.1158,Psychology: Psychological Sciences (MA),Complete App
Beaver Falls,40.7619,-80.3226,Public Administration - On Campus (MPA),Admit
Beijing,39.904,116.4075,Childhood Studies (PHD),Admit
Beijing,39.904,116.4075,Data Science (MS),Admit
Beijing,39.904,116.4075,Psychology: Psychological Sciences (MA),Started App
Beijing,39.904,116.4075,Psychology: Psychological Sciences (MA),Complete App
Belagavi,15.85036,74.504669,Data Science (MS),Complete App
Belle Mead,40.467584,-74.662811,Business and Science - Computer and Information Sciences - 4 + 1 (MBS) Camden,Submitted App
Belleville,40.795,-74.1617,Mathematical Sciences (MS),Complete App
Bellmawr,39.8666,-75.0941,Computer Science: Scientific Computing (MS),Submitted App
Bellmawr,39.8666,-75.0941,Forensic Science (MS),Started App
Bellmawr,39.8666,-75.0941,Teacher Education (MAT),Started App
Beloit,42.523,-89.0184,Creative Writing (MFA) Camden,Started App
Beltsville,39.0394,-76.9211,Business and Science - Computer and Information Sciences (MBS) Camden,Started App
Bengaluru,12.802464,77.704957,Computer Science: Scientific Computing (MS),Complete App
Bengaluru,12.802464,77.704957,Computer Science: Scientific Computing (MS),Complete App
Bengaluru,12.802464,77.704957,Computer Science: Scientific Computing (MS),Complete App
Bengaluru,12.802464,77.704957,Computer Science: Scientific Computing (MS),Complete App
Bengaluru,12.802464,77.704957,Data Science (MS),Started App
Bengaluru,12.802464,77.704957,Data Science (MS),Started App
Bengaluru,12.802464,77.704957,Data Science (MS),Started App
Bengaluru,12.802464,77.704957,Data Science (MS),Started App
Bengaluru,12.802464,77.704957,Data Science (MS),Started App
Bengaluru,12.802464,77.704957,Data Science (MS),Started App
Bengaluru,12.802464,77.704957,Data Science (MS),Submitted App
Bengaluru,12.802464,77.704957,Data Science (MS),Admit-Coming
Bengaluru,12.802464,77.704957,Data Science (MS),Admit-Coming
Bengaluru,12.802464,77.704957,Data Science (MS),Admit-Coming
Bengaluru,12.802464,77.704957,Data Science (MS),Admit-Coming
Bengaluru,12.802464,77.704957,Data Science (MS),Admit-Coming
Bengaluru,12.802464,77.704957,Data Science (MS),Admit-Coming
Bengaluru,12.802464,77.704957,Data Science (MS),Denied
Benin City,6.3333,5.6222,Business and Science - Computer and Information Sciences (MBS) Camden,Started App
Bennington,42.8854,-73.2133,English (MA),Started App
Berkeley,37.8722,-122.276,Childhood Studies (PHD),Alternative Admission
Berkeley,37.8722,-122.276,Creative Writing (MFA) Camden,Complete App
Berkeley Heights,40.6764,-74.4244,Creative Writing (MFA) Camden,Complete App
Berlin,52.52,13.405,Biology - Accelerated Degree BA/MS (MS),Started App
Berlin,52.52,13.405,Criminal Justice (MA),Submitted App
Berlin,52.52,13.405,"Public Administration, Executive Program (West Windsor, Saturday Morning) (MPA)",Admit
Berlin,52.52,13.405,Public Affairs/Community Development (PHD),Admit
Bethesda,38.9866,-77.1188,Biology: Computational and Integrative (PHD),Started App
Bhadrachalam,17.6688,80.8936,Data Science (MS),Submitted App
Bharuch,21.6948,72.9805,Data Science (MS),Started App
Bhavnagar,21.76,72.15,Data Science (MS),Admit-Coming
Bhavnagar,21.76,72.15,Data Science (MS),Admit-Coming
Bhopal,23.25,77.4167,Data Science (MS),Started App
Bhubaneswar,20.247052,85.853012,Data Science (MS),Started App
Bhubaneswar,20.247052,85.853012,Data Science (MS),Admit-Coming
Bhubaneswar,20.247052,85.853012,Data Science (MS),Denied
Birdsboro,40.264537,-75.804085,Creative Writing (MFA) Camden,Complete App
Birdsboro,40.264537,-75.804085,"History (American, Global, Public) (MA)",Admit
Birmingham,33.520661,-86.80249,Childhood Studies (PHD),Denied
Blackwood,39.802336,-75.06406,Biology: Computational and Integrative (PHD),Denied
Blackwood,39.802336,-75.06406,Criminal Justice (MA),Admit-Coming
Blackwood,39.802336,-75.06406,Liberal Studies - Online (MA),Admit-Withdrawn
Blackwood,39.802336,-75.06406,Psychology: Psychological Sciences (MA),Submitted App
Blackwood,39.802336,-75.06406,Public Administration - On Campus (MPA),Admit-Coming
Bloomington,40.4757,-88.9703,Creative Writing (MFA) Camden,Complete App
Bloomington,40.4757,-88.9703,Prevention Science (PHD),Alternative Admission
Bloomington,40.4757,-88.9703,Psychology: Psychological Sciences (MA),Admit
Boca Raton,26.3752,-80.108,Psychology: Psychological Sciences (MA),Admit
Bojnurd,37.475,57.3333,Biology: Computational and Integrative (PHD),Denied
Bolgatanga,10.7833,-0.85,Data Science (MS),Submitted App
Bonita,32.6651,-117.0296,Public Administration - On Campus (MPA),Started App
Bordentown,40.142,-74.7098,English (MA),Complete App
Boston,42.3188,-71.0852,English (MA),Complete App
Boston,42.3188,-71.0852,Public Affairs/Community Development (MS),Denied
Brampton,43.6833,-79.7667,Prevention Science (PHD),Denied
Brick,40.06,-74.1099,Psychology: Psychological Sciences (MA),Complete App
Bridgeport,41.1918,-73.1954,English (MA),Started App
Bridgeton,39.4286,-75.2281,Computer Science: Scientific Computing (NOD),Started App
Bridgewater,40.5934,-74.6076,Data Science (MS),Admit
Bridgewater,40.5934,-74.6076,Prevention Science (PHD),Denied
Brielle,51.9,4.1667,Childhood Studies (PHD),Started App
Bristol,51.4536,-2.5975,Biology: Computational and Integrative (PHD),Denied
Bristol,51.4536,-2.5975,Creative Writing (MFA) Camden,Started App
Bronx,40.8501,-73.8662,Creative Writing (MFA) Camden,Complete App
Bronx,40.8501,-73.8662,English (MA),Complete App
Bronx,40.8501,-73.8662,Public Administration - On Campus (MPA),Withdrawn
Bronx,40.8501,-73.8662,Public Affairs/Community Development (PHD),Withdrawn
Brooklyn,40.6501,-73.9496,Childhood Studies (PHD),Alternative Admission
Brooklyn,40.6501,-73.9496,Creative Writing (MFA) Camden,Complete App
Brooklyn,40.6501,-73.9496,Creative Writing (MFA) Camden,Complete App
Brooklyn,40.6501,-73.9496,Creative Writing (MFA) Camden,Complete App
Brooklyn,40.6501,-73.9496,Creative Writing (MFA) Camden,Complete App
Brooklyn,40.6501,-73.9496,Creative Writing (MFA) Camden,Complete App
Brooklyn,40.6501,-73.9496,Creative Writing (MFA) Camden,Admit-Coming
Brooklyn,40.6501,-73.9496,Data Science (MS),Admit
Brooklyn,40.6501,-73.9496,English (MA),Complete App
Brooklyn,40.6501,-73.9496,English (MA),Complete App
Brooklyn,40.6501,-73.9496,Public Affairs/Community Development (MS),Admit-Coming
Browns Mills,39.9737,-74.569,Psychology: Psychological Sciences (MA),Complete App
Buckeye,33.3705,-112.58357,Biology: Computational and Integrative (MS),Started App
Budd Lake,40.8733,-74.7375,"History (American, Global, Public) (MA)",Admit
Buffalo,42.9018,-78.8487,Data Science (MS),Admit
Burlingame,37.5859,-122.3667,Liberal Studies - Online (MA),Admit
Burlington,43.3167,-79.8,Childhood Studies (PHD),Denied
Burlington,43.3167,-79.8,Data Science (MS),Admit-Coming
Burlington,43.3167,-79.8,English (MA),Complete App
Burlington,43.3167,-79.8,Mathematical Sciences (MS),Started App
Burlington,43.3167,-79.8,Psychology: Psychological Sciences (MA),Submitted App
Burlington,43.3167,-79.8,Public Affairs/Community Development (PHD),Denied
Burnaby,49.2667,-122.9667,Prevention Science (MS),Denied
Busan,35.18,129.075,Psychology: Psychological Sciences (MA),Complete App
Cairo,30.0444,31.2358,Business and Science - Computer and Information Sciences (MBS) Camden,Submitted App
Caldwell,40.8389,-74.2776,Childhood Studies (PHD),Admit-Coming
Calgary,51.05,-114.0667,Biology: Computational and Integrative (PHD),Complete App
Camden,39.9361,-75.1073,Biology: Computational and Integrative (PHD),Admit
Camden,39.9361,-75.1073,Biology: Computational and Integrative (PHD),Withdrawn
Camden,39.9361,-75.1073,Childhood Studies (MA),Denied
Camden,39.9361,-75.1073,Computer Science: Scientific Computing (MS),Started App
CAMDEN,39.9361,-75.1073,Creative Writing (MFA) Camden,Complete App
Camden,39.9361,-75.1073,Creative Writing (MFA) Camden,Complete App
Camden,39.9361,-75.1073,Criminal Justice (MA),Started App
Camden,39.9361,-75.1073,Criminal Justice (MA),Submitted App
Camden,39.9361,-75.1073,Criminal Justice (MA),Admit-Coming
Camden,39.9361,-75.1073,Psychology: Psychological Sciences (MA),Complete App
Camden,39.9361,-75.1073,Psychology: Psychological Sciences (MA),Complete App
Camden,39.9361,-75.1073,Psychology: Psychological Sciences (MA),Complete App
Camden,39.9361,-75.1073,Psychology: Psychological Sciences (MA),Admit
Camden,39.9361,-75.1073,"Public Administration, Executive Program (West Windsor, Saturday Morning) (MPA)",Denied
Camden,39.9361,-75.1073,"Public Administration, Executive Program (West Windsor, Saturday Morning) (MPA)",Denied
Camden,39.9361,-75.1073,Public Affairs/Community Development (MS),Started App
Camden,39.9361,-75.1073,Public Affairs/Community Development (MS),Admit-Coming
Camden,39.9361,-75.1073,Public Affairs/Community Development (MS),Withdrawn
Camden,39.9361,-75.1073,Teacher Education (MAT),Submitted App
Cankaya,39.9244,32.8856,Public Affairs/Community Development (MS),Denied
Cape Coast,5.1,-1.25,Computer Science: Scientific Computing (MS),Started App
Cape Coast,5.1,-1.25,English (MA),Submitted App
Cape Coast,5.1,-1.25,English (MA),Complete App
Carbondale,37.7221,-89.2237,Creative Writing (MFA) Camden,Complete App
Carneys Point,39.6967,-75.4475,Public Administration - On Campus (MPA),Started App
Cartersville,34.1644,-84.8009,Creative Writing (MFA) Camden,Complete App
Cary,35.7819,-78.8195,Biology: Computational and Integrative (PHD),Admit-Coming
Cedar Grove,40.8565,-74.2288,Childhood Studies (MA),Started App
Changzhou,31.8122,119.9692,Data Science (MS),Admit
Chaoyang,41.5757,120.4486,Public Affairs/Community Development (MS),Denied
Charleston,32.8168,-79.9687,Biology: Computational and Integrative (MS),Denied
Charleston,32.8168,-79.9687,Chemistry (MS),Admit
Charlottesville,38.0375,-78.4855,Childhood Studies (PHD),Started App
Chattogram,22.335,91.8325,Biology: Computational and Integrative (PHD),Alternative Admission
Cheltenham,51.9,-2.0667,Biology: Computational and Integrative (PHD),Started App
Chengdu,30.66,104.0633,Computer Science: Scientific Computing (MS),Complete App
Chennai,13.0825,80.275,Biology: Computational and Integrative (MS),Denied
Chennai,13.0825,80.275,Business and Science - Computer and Information Sciences (MBS) Camden,Started App
Chennai,13.0825,80.275,Computer Science: Scientific Computing (MS),Started App
Chennai,13.0825,80.275,Computer Science: Scientific Computing (MS),Submitted App
Chennai,13.0825,80.275,Computer Science: Scientific Computing (MS),Complete App
Chennai,13.0825,80.275,Computer Science: Scientific Computing (MS),Complete App
Chennai,13.0825,80.275,Computer Science: Scientific Computing (MS),Admit
Chennai,13.0825,80.275,Data Science (MS),Started App
Chennai,13.0825,80.275,Data Science (MS),Started App
Chennai,13.0825,80.275,Data Science (MS),Started App
Chennai,13.0825,80.275,Data Science (MS),Started App
Chennai,13.0825,80.275,Data Science (MS),Started App
Chennai,13.0825,80.275,Data Science (MS),Started App
Chennai,13.0825,80.275,Data Science (MS),Complete App
Chennai,13.0825,80.275,Data Science (MS),Admit
Chennai,13.0825,80.275,Data Science (MS),Admit
Chennai,13.0825,80.275,Data Science (MS),Admit
Chennai,13.0825,80.275,Data Science (MS),Admit
Chennai,13.0825,80.275,Data Science (MS),Admit
CHENNAI,13.0825,80.275,Data Science (MS),Admit-Coming
Chennai,13.0825,80.275,Data Science (MS),Admit-Coming
Chennai,13.0825,80.275,Data Science (MS),Admit-Coming
Cherry Hill,39.9034,-74.9947,Biology: Computational and Integrative (MS),Started App
Cherry Hill,39.9034,-74.9947,Biology: Computational and Integrative (MS),Complete App
Cherry Hill,39.9034,-74.9947,Biology: Computational and Integrative (PHD),Started App
Cherry Hill,39.9034,-74.9947,Criminal Justice (MA),Started App
Cherry Hill,39.9034,-74.9947,English (MA),Started App
Cherry Hill,39.9034,-74.9947,Forensic Science (MS),Started App
Cherry Hill,39.9034,-74.9947,Forensic Science (MS),Started App
Cherry Hill,39.9034,-74.9947,Forensic Science (MS),Submitted App
Cherry Hill,39.9034,-74.9947,Psychology: Psychological Sciences (MA),Started App
Cherry Hill,39.9034,-74.9947,Psychology: Psychological Sciences (MA),Started App
Cherry Hill,39.9034,-74.9947,Public Administration - On Campus (MPA),Admit-Coming
Cherry Hill,39.9034,-74.9947,Teacher Education (MAT),Submitted App
Chesterfield,38.6589,-90.5803,"Public Administration, Executive Program (West Windsor, Saturday Morning) (MPA)",Admit
Chicago,41.8375,-87.6866,Childhood Studies (PHD),Admit
Chicago,41.8375,-87.6866,Computer Science: Scientific Computing (MS),Submitted App
Chicago,41.8375,-87.6866,English (MA),Complete App
Chicago,41.8375,-87.6866,Psychology: Psychological Sciences (MA),Complete App
Chicago,41.8375,-87.6866,"Public Administration, Executive Program (West Windsor, Saturday Morning) (MPA)",Started App
Chicopee,42.1764,-72.5719,Prevention Science (PHD),Denied
Chiniot,31.7194,72.9842,Criminal Justice (MA),Submitted App
Chittoor,13.216,79.098,Data Science (MS),Started App
Chittoor,13.216,79.098,Data Science (MS),Started App
chongqing,29.55,106.5069,Computer Science: Scientific Computing (MS),Started App
Cinnaminson,40.0008,-74.993,Biology: Computational and Integrative (PHD),Submitted App
Cinnaminson,40.0008,-74.993,Psychology: Psychological Sciences (MA),Complete App
Clermont,28.5325,-81.7208,Creative Writing (MFA) Camden,Withdrawn
Clifton,40.863,-74.1575,Public Affairs/Community Development (PHD),Started App
Coimbatore,11.0168,76.9558,Computer Science: Scientific Computing (MS),Complete App
Coimbatore,11.0168,76.9558,Data Science (MS),Started App
Coimbatore,11.0168,76.9558,Data Science (MS),Admit
Coimbatore,11.0168,76.9558,Data Science (MS),Admit-Coming
College Park,38.996,-76.9337,Childhood Studies (PHD),Denied
Colombo,6.891517,79.861083,Biology: Computational and Integrative (MS),Admit
Columbia,34.0378,-80.9036,Creative Writing (MFA) Camden,Complete App
Columbia,34.0378,-80.9036,Psychology: Psychological Sciences (MA),Complete App
Columbia,34.0378,-80.9036,Psychology: Psychological Sciences (MA),Complete App
Columbus,39.9862,-82.9855,"History (American, Global, Public) (MA)",Admit-Withdrawn
Conakry,9.5092,-13.7122,Public Administration - On Campus (MPA),Submitted App
Copenhagen,55.6761,12.5683,Biology: Computational and Integrative (PHD),Started App
Copenhagen,55.6761,12.5683,Data Science (MS),Submitted App
Corvallis,44.5698,-123.2779,Data Science (MS),Started App
Cranford,40.6564,-74.3036,Liberal Studies - Online (MA),Admit-Coming
Cumming,34.20705,-84.140358,Biology: Computational and Integrative (MS),Started App
Dallas,32.7935,-96.7667,English (MA),Complete App
Dallas,32.7935,-96.7667,Forensic Science (MS),Started App
Dallas,32.7935,-96.7667,Psychology: Psychological Sciences (MA),Complete App
Daqing,46.5979,125.008,Data Science (MS),Denied
Dar Es Salaam,-6.8161,39.2803,English (MA),Complete App
Dar es Salaam,-6.8161,39.2803,English (MA),Complete App
DARSI,15.7667,79.6833,Mathematical Sciences (MS),Started App
Davis,38.5553,-121.737,Creative Writing (MFA) Camden,Complete App
Delhi,28.61,77.23,Computer Science: Scientific Computing (MS),Complete App
Delhi,28.61,77.23,Data Science (MS),Started App
Delhi,28.61,77.23,Data Science (MS),Started App
Delhi,28.61,77.23,Data Science (MS),Submitted App
Delhi,28.61,77.23,Data Science (MS),Admit
delhi,28.61,77.23,Data Science (MS),Admit-Coming
Delran,40.017,-74.9495,Biology (MS),Started App
Delran,40.017,-74.9495,Creative Writing (MFA) Camden,Complete App
Denton,33.2175,-97.1418,Psychology: Psychological Sciences (MA),Complete App
Denver,39.762,-104.8758,Prevention Science (PHD),Denied
Denver,39.762,-104.8758,Public Administration - On Campus (MPA),Admit-Withdrawn
Dewas,22.96,76.06,Data Science (MS),Started App
Dhaka,23.7639,90.3889,Biology: Computational and Integrative (MS),Denied
Dhaka,23.7639,90.3889,Biology: Computational and Integrative (PHD),Started App
Dhaka,23.7639,90.3889,Data Science (MS),Started App
DHAKA,23.7639,90.3889,Data Science (MS),Started App
Dhaka,23.7639,90.3889,Data Science (MS),Denied
Dhaka,23.7639,90.3889,English (MA),Started App
Dhaka,23.7639,90.3889,Mathematical Sciences (MS),Admit
Dhaka,23.7639,90.3889,Psychology: Psychological Sciences (MA),Started App
Doha,25.2867,51.5333,Prevention Science (PHD),Withdrawn
Doha,25.2867,51.5333,Psychology: Psychological Sciences (MA),Complete App
Drexel Hill,39.9495,-75.3038,Computer Science: Scientific Computing (MS),Submitted App
Dryden,42.4786,-76.3564,Public Administration - On Campus (MPA),Admit-Coming
Dublin,53.35,-6.2603,Data Science (MS),Admit
Durham,35.9792,-78.9022,Creative Writing (MFA) Camden,Complete App
Durham,35.9792,-78.9022,English (MA),Complete App
East Brunswick,40.4281,-74.4179,Biology: Computational and Integrative (PHD),Admit-Coming
East Lansing,42.748,-84.4836,Childhood Studies (PHD),Denied
East Palo Alto,37.4671,-122.1352,Biology (MS),Denied
Easton,40.6858,-75.2209,Creative Writing (MFA) Camden,Complete App
Edgewater,40.8237,-73.974,Data Science (MS),Started App
Edison,40.536,-74.3697,Biology: Computational and Integrative (PHD),Admit-Coming
Edison,40.536,-74.3697,Childhood Studies (MA),Admit
Edison,40.536,-74.3697,Computer Science: Scientific Computing (MS),Started App
Edison,40.536,-74.3697,Computer Science: Scientific Computing (MS),Complete App
Edison,40.536,-74.3697,Data Science (MS),Started App
El Paso,31.8476,-106.43,English (MA),Complete App
Elizabeth,40.6658,-74.1913,Forensic Science (MS),Started App
Elmhurst,41.8973,-87.9432,Prevention Science (PHD),Denied
Enugu,6.4528,7.5111,Public Affairs/Community Development (MS),Complete App
Erie,42.1167,-80.0733,Computer Science: Scientific Computing (MS),Submitted App
Evanston,42.0464,-87.6943,English (MA),Complete App
Evanston,42.0464,-87.6943,Psychology: Psychological Sciences (MA),Admit
Evergreen Park,41.7213,-87.7013,Prevention Science (PHD),Alternative Admission
Ewing,40.265,-74.8006,Biology (MS),Admit
Ewing,40.265,-74.8006,Criminal Justice (MA),Started App
Ewing,40.265,-74.8006,"Public Administration, Executive Program (West Windsor, Saturday Morning) (MPA)",Admit
Falls,40.1686,-74.7915,Biology: Computational and Integrative (MS),Admit-Coming
Fargo,46.8651,-96.8292,Biology (MS),Admit
Faridabad,28.4167,77.3,Computer Science: Scientific Computing (MS),Started App
Faridabad,28.4167,77.3,Data Science (MS),Started App
Faridabad,28.4167,77.3,Data Science (MS),Submitted App
Faridabad,28.4167,77.3,Data Science (MS),Admit
Faridabad,28.4167,77.3,Psychology: Psychological Sciences (MA),Submitted App
Fes,34.0433,-5.0033,Data Science (MS),Submitted App
Fishers,39.9588,-85.9659,Prevention Science (MS),Denied
Flanders,40.8412,-74.7102,Psychology: Psychological Sciences (MA),Complete App
Florham Park,40.7773,-74.3953,Prevention Science (PHD),Admit-Coming
Flowood,32.3359,-90.0802,Liberal Studies - Online (MA),Started App
Foley,30.3983,-87.665,Public Administration - On Campus (MPA),Submitted App
Fond du Lac,43.7718,-88.4397,Data Science (MS),Started App
Forest Hills,42.9577,-85.4895,Creative Writing (MFA) Camden,Complete App
Forest Hills,42.9577,-85.4895,Public Affairs/Community Development (MS),Admit-Coming
Fort Wayne,41.0888,-85.1436,Psychology: Psychological Sciences (MA),Admit
Fountain Valley,33.7105,-117.9514,Creative Writing (MFA) Camden,Complete App
Franklin Park,41.9361,-87.8794,Forensic Science (MS),Started App
Freetown,8.4844,-13.2344,Computer Science: Scientific Computing (MS),Submitted App
Freetown,8.4844,-13.2344,Data Science (MS),Submitted App
Fremont,37.5265,-121.9843,Psychology: Psychological Sciences (MA),Complete App
Gainesville,29.6804,-82.3459,Creative Writing (MFA) Camden,Complete App
Gainesville,29.6804,-82.3459,Data Science (MS),Started App
Galloway,39.4914,-74.4803,Biology: Computational and Integrative (PHD),Withdrawn
Galloway,39.4914,-74.4803,Chemistry (MS),Started App
Galloway,39.4914,-74.4803,"History (American, Global, Public) (MA)",Admit
GHAZIABAD,28.67,77.42,Computer Science: Scientific Computing (MS),Complete App
Gibbstown,39.827152,-75.288617,Data Science (MS),Started App
Gibbstown,39.827152,-75.288617,Psychology: Psychological Sciences (MA),Submitted App
Giridih,24.029983,86.612917,Data Science (MS),Denied
Giza,29.987,31.2118,Biology: Computational and Integrative (PHD),Alternative Admission
Giza,29.987,31.2118,Biology: Computational and Integrative (PHD),Denied
Gladstone,40.717778,-74.659722,Liberal Studies (MA),Started App
Glassboro,39.7014,-75.1113,Creative Writing (MFA) Camden,Complete App
Glen Burnie,39.156,-76.6071,"History (American, Global, Public) (MA)",Started App
Glendale,33.5791,-112.2311,"History (American, Global, Public) (MA)",Admit
Gloucester City,39.8924,-75.1172,Teacher Education (MAT),Submitted App
gorgan,36.8386,54.4347,Computer Science: Scientific Computing (MS),Started App
Goshen,41.5743,-85.8309,Creative Writing (MFA) Camden,Complete App
grand prairie,32.6871,-97.0208,Forensic Science (MS),Started App
Grand Rapids,42.9619,-85.6562,Psychology: Psychological Sciences (MA),Admit-Coming
Granite Bay,38.7601,-121.1714,English (MA),Complete App
Great Neck,40.8029,-73.7333,Prevention Science (PHD),Admit-Coming
Green Bay,44.5148,-87.9895,Creative Writing (MFA) Camden,Complete App
Guangzhou,23.13,113.26,Data Science (MS),Denied
Guangzhou,23.13,113.26,Data Science (MS),Denied
Guaynabo,18.3832,-66.1134,Biology: Computational and Integrative (PHD),Denied
GUDIVADA,16.43,80.99,Business and Science - Computer and Information Sciences (MBS) Camden,Submitted App
GUDIVADA,16.43,80.99,Computer Science: Scientific Computing (MS),Submitted App
Guntakal,15.17,77.38,Data Science (MS),Submitted App
Guntur,16.3008,80.4428,Data Science (MS),Started App
GUNTUR,16.3008,80.4428,Data Science (MS),Admit-Coming
Guntur,16.3008,80.4428,Data Science (MS),Denied
GURGAON,28.456,77.029,Biology: Computational and Integrative (MS),Started App
Gurgaon,28.456,77.029,Childhood Studies (PHD),Denied
GURGAON,28.456,77.029,Data Science (MS),Started App
Gurgaon,28.456,77.029,Data Science (MS),Complete App
Guwahati,26.1722,91.7458,Computer Science: Scientific Computing (MS),Started App
Hacienda Heights,33.997,-117.9727,English (MA),Complete App
Haddonfield,39.8955,-75.0346,Teacher Education (MAT),Complete App
Hamden,41.3961,-72.9215,Psychology: Psychological Sciences (MA),Complete App
Hamilton,32.2942,-64.7839,Childhood Studies (PHD),Started App
Hamilton,32.2942,-64.7839,Liberal Studies - Online (MA),Started App
Hammonton,39.6572,-74.7678,Psychology: Psychological Sciences (MA),Submitted App
Hampstead,42.8821,-71.171,Psychology: Psychological Sciences (MA),Complete App
Hampton,37.0551,-76.363,Psychology: Psychological Sciences (MA),Complete App
Hanover,39.8118,-76.9836,Prevention Science (MS),Admit-Withdrawn
Hapur,28.7309,77.7757,Computer Science: Scientific Computing (MS),Complete App
Harare,-17.8292,31.0522,Psychology: Psychological Sciences (MA),Admit-Coming
Hicksville,40.7637,-73.5245,Childhood Studies (PHD),Denied
Highland Park,40.5006,-74.4283,Biology: Computational and Integrative (PHD),Started App
Highland Park,40.5006,-74.4283,Biology: Computational and Integrative (PHD),Admit
Ho,6.6119,0.4703,Data Science (MS),Started App
Holmdel,40.3768,-74.1725,Data Science (MS),Admit-Coming
Hong Kong,22.3,114.2,Prevention Science (MS),Admit-Withdrawn
Hong Kong,22.3,114.2,Psychology: Psychological Sciences (MA),Complete App
Howell,40.1819,-74.1976,Liberal Studies - Online (NOD),Submitted App
Hull,42.2861,-70.8835,Public Affairs/Community Development (MS),Denied
Hull,42.2861,-70.8835,Public Affairs/Community Development (MS),Denied
Huntingdon,40.3294,-79.7336,Biology: Computational and Integrative (MS),Admit
Hyderabad,17.385,78.4867,Biology: Computational and Integrative (MS),Started App
Hyderabad,17.385,78.4867,Biology (MS),Complete App
Hyderabad,17.385,78.4867,Biology (MS),Admit-Coming
Hyderabad,17.385,78.4867,Chemistry (MS),Complete App
Hyderabad,17.385,78.4867,Computer Science: Scientific Computing (MS),Started App
Hyderabad,17.385,78.4867,Computer Science: Scientific Computing (MS),Started App
Hyderabad,17.385,78.4867,Computer Science: Scientific Computing (MS),Started App
Hyderabad,17.385,78.4867,Computer Science: Scientific Computing (MS),Started App
Hyderabad,17.385,78.4867,Computer Science: Scientific Computing (MS),Submitted App
Hyderabad,17.385,78.4867,Computer Science: Scientific Computing (MS),Submitted App
Hyderabad,17.385,78.4867,Computer Science: Scientific Computing (MS),Submitted App
Hyderabad,17.385,78.4867,Computer Science: Scientific Computing (MS),Complete App
Hyderabad,17.385,78.4867,Computer Science: Scientific Computing (MS),Complete App
Hyderabad,17.385,78.4867,Computer Science: Scientific Computing (MS),Complete App
Hyderabad,17.385,78.4867,Computer Science: Scientific Computing (MS),Complete App
Hyderabad,17.385,78.4867,Computer Science: Scientific Computing (MS),Complete App
Hyderabad,17.385,78.4867,Computer Science: Scientific Computing (MS),Complete App
Hyderabad,17.385,78.4867,Computer Science: Scientific Computing (MS),Admit
Hyderabad,17.385,78.4867,Computer Science: Scientific Computing (MS),Admit-Coming
Hyderabad,17.385,78.4867,Computer Science: Scientific Computing (MS),Admit-Coming
Hyderabad,17.385,78.4867,Computer Science: Scientific Computing (MS),Withdrawn
Hyderabad,17.385,78.4867,Computer Science: Scientific Computing (MS),Denied
Hyderabad,17.385,78.4867,Data Science (MS),Started App
Hyderabad,17.385,78.4867,Data Science (MS),Started App
Hyderabad,17.385,78.4867,Data Science (MS),Started App
Hyderabad,17.385,78.4867,Data Science (MS),Started App
Hyderabad,17.385,78.4867,Data Science (MS),Started App
Hyderabad,17.385,78.4867,Data Science (MS),Started App
Hyderabad,17.385,78.4867,Data Science (MS),Submitted App
Hyderabad,17.385,78.4867,Data Science (MS),Submitted App
HYDERABAD,17.385,78.4867,Data Science (MS),Submitted App
Hyderabad,17.385,78.4867,Data Science (MS),Submitted App
Hyderabad,17.385,78.4867,Data Science (MS),Submitted App
Hyderabad,17.385,78.4867,Data Science (MS),Submitted App
Hyderabad,17.385,78.4867,Data Science (MS),Submitted App
Hyderabad,17.385,78.4867,Data Science (MS),Admit
Hyderabad,17.385,78.4867,Data Science (MS),Admit
Hyderabad,17.385,78.4867,Data Science (MS),Admit-Coming
Hyderabad,17.385,78.4867,Data Science (MS),Admit-Coming
Hyderabad,17.385,78.4867,Data Science (MS),Admit-Coming
Hyderabad,17.385,78.4867,Data Science (MS),Denied
Hyderabad,17.385,78.4867,Data Science (MS),Denied
Hyderabad,17.385,78.4867,Data Science (MS),Denied
Hyderabad,17.385,78.4867,Data Science (MS),Denied
Hyderabad,17.385,78.4867,Data Science (MS),Denied
Hyderabad,17.385,78.4867,Data Science (MS),Denied
Hyderabad,17.385,78.4867,Data Science (MS),Denied
hyderabad,17.385,78.4867,Data Science (MS),Denied
Hyderabad,17.385,78.4867,Data Science (MS),Denied
Ibadan,7.3964,3.9167,Biology: Computational and Integrative (MS),Denied
Ibadan,7.3964,3.9167,Biology: Computational and Integrative (PHD),Denied
Ibadan,7.3964,3.9167,Childhood Studies (MA),Admit-Coming
Ibadan,7.3964,3.9167,Childhood Studies (PHD),Admit-Coming
Ibadan,7.3964,3.9167,Data Science (MS),Started App
Idah,7.0833,6.75,Prevention Science (PHD),Denied
Ile-Ife,7.4667,4.5667,Childhood Studies (MA),Admit-Coming
Ilorin,8.5,4.55,Public Affairs/Community Development (MS),Denied
Incheon,37.4833,126.6333,Public Affairs/Community Development (PHD),Complete App
Indore,22.7167,75.8472,Computer Science: Scientific Computing (MS),Complete App
Indore,22.7167,75.8472,Data Science (MS),Denied
Irondale,33.5439,-86.6606,Public Affairs/Community Development (PHD),Alternative Admission
Irving,32.8583,-96.9702,Data Science (MS),Started App
Irvington,40.7243,-74.2317,Childhood Studies (MA),Started App
Irvington,40.7243,-74.2317,Computer Science: Scientific Computing (MS),Started App
Irvington,40.7243,-74.2317,Creative Writing (MFA) Camden,Complete App
Islamabad,33.6931,73.0639,Computer Science: Scientific Computing (MS),Complete App
Istanbul,41.0136,28.955,Public Administration - On Campus (MPA),Started App
Ithaca,42.4442,-76.5032,Biology (MS),Started App
Jaipur,26.9,75.8,Computer Science: Scientific Computing (MS),Denied
Jaipur,26.9,75.8,Data Science (MS),Started App
Jaipur,26.9,75.8,Data Science (MS),Started App
Jaipur,26.9,75.8,Data Science (MS),Admit
Jaipur,26.9,75.8,Data Science (MS),Admit-Coming
Jalandhar,31.2569,75.4432,Computer Science: Scientific Computing (MS),Started App
Jamnagar,22.47,70.07,Computer Science: Scientific Computing (MS),Complete App
Jeddah,21.5433,39.1728,Data Science (MS),Submitted App
Jersey City,40.7184,-74.0686,Prevention Science (PHD),Denied
Jersey City,40.7184,-74.0686,Prevention Science (PHD),Denied
Jersey City,40.7184,-74.0686,Psychology: Psychological Sciences (MA),Complete App
Jersey City,40.7184,-74.0686,"Public Administration, Executive Program (West Windsor, Saturday Morning) (MPA)",Withdrawn
Jhansi,25.4486,78.5696,Computer Science: Scientific Computing (MS),Complete App
Jiangmen,22.5833,113.0833,Computer Science: Scientific Computing (MS),Started App
Jingzhou,37.6911,116.2672,English (MA),Complete App
JODHPUR,26.28,73.02,Childhood Studies (PHD),Denied
JODHPUR,26.28,73.02,Prevention Science (PHD),Denied
Johnson City,36.3406,-82.3806,Creative Writing (MFA) Camden,Complete App
Jos,9.9167,8.8903,Prevention Science (PHD),Admit-Coming
Jupiter,26.92,-80.1128,Psychology: Psychological Sciences (MA),Admit
Kaduna,10.5167,7.4333,Biology: Computational and Integrative (MS),Denied
Kakinada,16.9661,82.255,Data Science (MS),Admit-Coming
Kalyan,19.2502,73.1602,Computer Science: Scientific Computing (MS),Submitted App
Kalyan,19.2502,73.1602,Data Science (MS),Submitted App
Kalyani,22.975,88.4344,Biology: Computational and Integrative (PHD),Started App
Kandy,7.2964,80.635,Biology: Computational and Integrative (MS),Admit
Kandy,7.2964,80.635,Computer Science: Scientific Computing (MS),Submitted App
Kannapolis,35.4764,-80.6408,Childhood Studies (PHD),Alternative Admission
Karachi,24.86,67.01,Computer Science: Scientific Computing (MS),Started App
Karachi,24.86,67.01,Computer Science: Scientific Computing (MS),Submitted App
Karachi,24.86,67.01,Creative Writing (MFA) Camden,Submitted App
Karachi,24.86,67.01,Data Science (MS),Submitted App
Karachi,24.86,67.01,Data Science (MS),Denied
Karachi,24.86,67.01,English (MA),Complete App
Karaj,35.8272,50.9489,English (MA),Complete App
karur,10.9601,78.0766,Data Science (MS),Submitted App
Kathmandu,27.7172,85.324,Biology: Computational and Integrative (MS),Denied
kathmandu,27.7172,85.324,Computer Science: Scientific Computing (MS),Complete App
Kathmandu,27.7172,85.324,Data Science (MS),Started App
Kenmore,42.9646,-78.8713,Creative Writing (MFA) Camden,Complete App
Kent,47.3887,-122.2128,Psychology: Psychological Sciences (MA),Started App
Kerman,30.2833,57.0833,Biology: Computational and Integrative (PHD),Denied
Kingston,17.9714,-76.7931,Prevention Science (PHD),Denied
Kingston,17.9714,-76.7931,Psychology: Psychological Sciences (MA),Started App
Kingston,17.9714,-76.7931,Psychology: Psychological Sciences (MA),Complete App
Kirkwood,38.5788,-90.4203,English (MA),Submitted App
Knoxville,35.9692,-83.9496,Creative Writing (MFA) Camden,Complete App
Kodad,16.9978,79.9653,Biology (MS),Admit-Coming
Kokkola,63.8367,23.1333,Data Science (MS),Started App
Kolhapur,16.6917,74.2333,Data Science (MS),Admit
kolkata,22.5675,88.37,Biology: Computational and Integrative (MS),Admit-Withdrawn
Kolkata,22.5675,88.37,Childhood Studies (PHD),Admit
Kolkata,22.5675,88.37,Data Science (MS),Started App
Kolkata,22.5675,88.37,Data Science (MS),Started App
KOLKATA,22.5675,88.37,Data Science (MS),Admit
Kolkata,22.5675,88.37,Data Science (MS),Admit-Coming
Kolkata,22.5675,88.37,Data Science (MS),Admit-Not Coming
Kolkata,22.5675,88.37,Data Science (MS),Admit-Withdrawn
Kolkata,22.5675,88.37,English (MA),Complete App
Kukshi,22.2068,74.7579,Computer Science: Scientific Computing (MS),Complete App
Kumasi,6.6667,-1.6167,Biology: Computational and Integrative (PHD),Denied
Kumasi,6.6667,-1.6167,Business and Science - Computer and Information Sciences (MBS) Camden,Admit-Coming
Kumasi,6.6667,-1.6167,Chemistry (MS),Started App
Kumasi,6.6667,-1.6167,Computer Science: Scientific Computing (MS),Started App
Kumasi,6.6667,-1.6167,Creative Writing (MFA) Camden,Started App
Kumasi,6.6667,-1.6167,Data Science (MS),Started App
Kumasi,6.6667,-1.6167,Data Science (MS),Submitted App
Kumasi,6.6667,-1.6167,Psychology: Psychological Sciences (MA),Complete App
Kumasi,6.6667,-1.6167,Public Administration - On Campus (MPA),Submitted App
Kumasi,6.6667,-1.6167,Public Administration - On Campus (MPA),Admit-Coming
kurnool,15.83,78.05,Computer Science: Scientific Computing (MS),Complete App
La Mesa,32.7703,-117.0204,Forensic Science (MS),Admit-Withdrawn
La Mirada,33.9025,-118.0093,English (MA),Complete App
Lagos,6.455,3.3841,Biology: Computational and Integrative (MS),Complete App
Lagos,6.455,3.3841,Biology (MS),Admit-Coming
Lagos,6.455,3.3841,Creative Writing (MFA) Camden,Complete App
Lagos,6.455,3.3841,Creative Writing (MFA) Camden,Complete App
Lagos,6.455,3.3841,Data Science (MS),Started App
Lagos,6.455,3.3841,English (MA),Complete App
Lagos,6.455,3.3841,Mathematical Sciences (MS),Admit-Coming
Lagos,6.455,3.3841,Public Affairs/Community Development (MS),Complete App
Lahore,31.5497,74.3436,Computer Science: Scientific Computing (MS),Complete App
Lahore,31.5497,74.3436,Creative Writing (MFA) Camden,Started App
Lahore,31.5497,74.3436,English (MA),Complete App
Lahore,31.5497,74.3436,English (MA),Complete App
Lakewood,39.6977,-105.1172,Creative Writing (MFA) Camden,Complete App
Lambertville,41.7484,-83.6244,Public Affairs/Community Development (MS),Started App
Lancaster,40.042,-76.3012,Biology: Computational and Integrative (MS),Admit
Lansdale,40.2417,-75.2812,Psychology: Psychological Sciences (MA),Started App
Las Vegas,36.2333,-115.2654,Biology: Computational and Integrative (PHD),Started App
Las Vegas,36.2333,-115.2654,Prevention Science (PHD),Admit-Coming
Las Vegas,36.2333,-115.2654,Psychology: Psychological Sciences (MA),Complete App
Lawrence,42.7002,-71.1626,Data Science (MS),Admit-Coming
Lawrenceville,33.9523,-83.9932,Creative Writing (MFA) Camden,Complete App
Lawrenceville,33.9523,-83.9932,Data Science (MS),Started App
Lawrenceville,33.9523,-83.9932,Data Science (MS),Started App
Lawrenceville,33.9523,-83.9932,"History (American, Global, Public) (MA)",Admit-Coming
Lawrenceville,33.9523,-83.9932,Liberal Studies (MA),Started App
Leesburg,28.7672,-81.8962,Psychology: Psychological Sciences (MA),Admit-Withdrawn
Leicester,52.6344,-1.1319,Business and Science - Computer and Information Sciences (MBS) Camden,Started App
Levittown,40.7241,-73.5125,Criminal Justice (MA),Started App
Lexington,38.0423,-84.4587,Public Administration - On Campus (MPA),Started App
LILONGWE,-13.9833,33.7833,Prevention Science (MS),Admit-Coming
Lincoln,40.8099,-96.6784,Biology: Computational and Integrative (PHD),Alternative Admission
Linden,6,-58.3,"History (American, Global, Public) (MA)",Admit
Lindenwold,39.8173,-74.9898,Data Science (MS),Submitted App
Lindenwold,39.8173,-74.9898,Public Administration - On Campus (MPA),Admit-Coming
Linwood,39.339838,-74.575156,Biology: Computational and Integrative (MS),Admit
Little Rock,34.7256,-92.3577,Creative Writing (MFA) Camden,Admit
Littleton,39.5915,-105.0188,Biology (MS),Admit-Withdrawn
Logan,41.7399,-111.8422,Psychology: Psychological Sciences (MA),Complete App
London,51.5072,-0.1275,Creative Writing (MFA) Camden,Started App
Londrina,-23.31,-51.1628,Childhood Studies (PHD),Started App
Los Angeles,34.1141,-118.4068,Creative Writing (MFA) Camden,Complete App
Louisville,38.1663,-85.6485,Creative Writing (MFA) Camden,Complete App
Lubbock,33.5657,-101.8879,Creative Writing (MFA) Camden,Complete App
Lubbock,33.5657,-101.8879,Creative Writing (MFA) Camden,Admit-Coming
LUCKNOW,26.85,80.95,Computer Science: Scientific Computing (MS),Submitted App
lucknow,26.85,80.95,Psychology: Psychological Sciences (MA),Submitted App
Lumberton,34.6312,-79.0186,Prevention Science (PHD),Denied
Madison,43.0822,-89.393,English (MA),Complete App
Madison,43.0822,-89.393,Psychology: Psychological Sciences (MA),Started App
Madurai,9.9252,78.1198,Computer Science: Scientific Computing (MS),Complete App
MADURAI,9.9252,78.1198,Data Science (MS),Admit
Makurdi,7.7306,8.5361,English (MA),Complete App
Makurdi,7.7306,8.5361,Public Affairs/Community Development (PHD),Admit-Coming
Makurdi,7.7306,8.5361,Teacher Education (MAT),Submitted App
Malden,42.4305,-71.0576,Creative Writing (MFA) Camden,Complete App
Malden,42.4305,-71.0576,English (MA),Complete App
Manalapan,40.28,-74.3436,Data Science (MS),Admit
Manalapan,40.28,-74.3436,Prevention Science (MS),Denied
Manchester,53.4794,-2.2453,Biology (MS),Admit
Mandaluyong City,14.58,121.03,Liberal Studies (MA),Started App
Mandapeta,16.87,81.93,Computer Science: Scientific Computing (MS),Complete App
Mandsaur,24.03,75.08,Computer Science: Scientific Computing (MS),Admit
Mandya,12.5242,76.8958,Data Science (MS),Denied
Maoming,21.6618,110.9178,Computer Science: Scientific Computing (MS),Complete App
Maplewood,40.733,-74.2712,"History (American, Global, Public) (MA)",Admit-Coming
Marlton,39.9014,-74.9294,Biology (MS),Admit-Coming
Marlton,39.9014,-74.9294,Criminal Justice (MA),Admit-Coming
Marlton,39.9014,-74.9294,Psychology: Psychological Sciences (MA),Submitted App
Mashhad,36.3,59.6,Biology: Computational and Integrative (MS),Submitted App
Mashhad,36.3,59.6,Biology: Computational and Integrative (PHD),Submitted App
Mashhad,36.3,59.6,Biology: Computational and Integrative (PHD),Denied
Mashhad,36.3,59.6,Biology (MS),Complete App
mashhad,36.3,59.6,Computer Science: Scientific Computing (MS),Submitted App
Mashhad,36.3,59.6,Data Science (MS),Complete App
Mashhad,36.3,59.6,Public Affairs/Community Development (MS),Complete App
Masvingo,-20.0744,30.8328,English (MA),Complete App
Mechanicsville,37.6263,-77.3561,English (MA),Complete App
Mechanicsville,37.6263,-77.3561,Psychology: Psychological Sciences (MA),Started App
Medford,42.3372,-122.854,Business and Science - Computer and Information Sciences (MBS) Camden,Submitted App
Medford,42.3372,-122.854,Data Science (MS),Started App
Meerut,28.98,77.71,Data Science (MS),Submitted App
Middlesex,40.5744,-74.5011,Creative Writing (MFA) Camden,Complete App
Middletown,41.4459,-74.4236,Public Affairs/Community Development (PHD),Started App
Miller Place,40.9374,-72.9864,Criminal Justice (MA),Started App
Millville,39.3903,-75.0561,Creative Writing (MFA) Camden,Submitted App
Minneapolis,44.9635,-93.2678,Childhood Studies (PHD),Admit
Mississauga,43.6,-79.65,Childhood Studies (MA),Complete App
Mississauga,43.6,-79.65,Psychology: Psychological Sciences (MA),Admit
Missoula,46.8751,-114.0214,Creative Writing (MFA) Camden,Complete App
Modesto,37.6375,-121.0028,Public Affairs/Community Development (MS),Denied
Monterrey,25.6667,-100.3,Psychology: Psychological Sciences (MA),Complete App
Montreal,45.5089,-73.5617,Psychology: Psychological Sciences (MA),Started App
Montville,40.9135,-74.3594,Data Science (MS),Admit
Moorestown,39.9784,-74.9413,Prevention Science (PHD),Admit-Coming
Morganville,40.375401,-74.256844,Biology: Computational and Integrative (MS),Started App
Morganville,40.375401,-74.256844,Biology: Computational and Integrative (MS),Started App
Mount Airy,36.5083,-80.6155,Biology: Computational and Integrative (MS),Denied
Mount Holly,35.3136,-81.0073,Childhood Studies (MA),Admit-Coming
Mount Laurel,39.9483,-74.9047,Criminal Justice (MA),Submitted App
Mount Laurel,39.9483,-74.9047,"History (American, Global, Public) (MA)",Admit
Mount Laurel,39.9483,-74.9047,Psychology: Psychological Sciences (MA),Started App
Mount Laurel,39.9483,-74.9047,"Public Administration, Executive Program (West Windsor, Saturday Morning) (MPA)",Admit-Coming
Mount Vernon,40.9136,-73.8291,Forensic Science (MS),Started App
MULTAN,30.1978,71.4697,Creative Writing (MFA) Camden,Started App
Mumbai,19.0761,72.8775,Biology: Computational and Integrative (MS),Denied
Mumbai,19.0761,72.8775,Biology (MS),Admit
Mumbai,19.0761,72.8775,Chemistry (MS),Complete App
Mumbai,19.0761,72.8775,Computer Science: Scientific Computing (MS),Started App
Mumbai,19.0761,72.8775,Computer Science: Scientific Computing (MS),Complete App
Mumbai,19.0761,72.8775,Computer Science: Scientific Computing (MS),Complete App
Mumbai,19.0761,72.8775,Computer Science: Scientific Computing (MS),Complete App
Mumbai,19.0761,72.8775,Computer Science: Scientific Computing (MS),Complete App
Mumbai,19.0761,72.8775,Computer Science: Scientific Computing (MS),Complete App
Mumbai,19.0761,72.8775,Computer Science: Scientific Computing (MS),Complete App
Mumbai,19.0761,72.8775,Computer Science: Scientific Computing (MS),Complete App
Mumbai,19.0761,72.8775,Computer Science: Scientific Computing (MS),Complete App
Mumbai,19.0761,72.8775,Computer Science: Scientific Computing (MS),Complete App
Mumbai,19.0761,72.8775,Computer Science: Scientific Computing (MS),Admit
Mumbai,19.0761,72.8775,Computer Science: Scientific Computing (MS),Admit
Mumbai,19.0761,72.8775,Computer Science: Scientific Computing (MS),Admit-Coming
Mumbai,19.0761,72.8775,Computer Science: Scientific Computing (MS),Admit-Coming
Mumbai,19.0761,72.8775,Computer Science: Scientific Computing (MS),Denied
Mumbai,19.0761,72.8775,Data Science (MS),Started App
Mumbai,19.0761,72.8775,Data Science (MS),Started App
Mumbai,19.0761,72.8775,Data Science (MS),Started App
Mumbai,19.0761,72.8775,Data Science (MS),Started App
Mumbai,19.0761,72.8775,Data Science (MS),Started App
Mumbai,19.0761,72.8775,Data Science (MS),Started App
Mumbai,19.0761,72.8775,Data Science (MS),Started App
Mumbai,19.0761,72.8775,Data Science (MS),Started App
Mumbai,19.0761,72.8775,Data Science (MS),Started App
MUMBAI,19.0761,72.8775,Data Science (MS),Started App
Mumbai,19.0761,72.8775,Data Science (MS),Started App
Mumbai,19.0761,72.8775,Data Science (MS),Submitted App
Mumbai,19.0761,72.8775,Data Science (MS),Complete App
Mumbai,19.0761,72.8775,Data Science (MS),Admit
Mumbai,19.0761,72.8775,Data Science (MS),Admit
MUMBAI,19.0761,72.8775,Data Science (MS),Admit
Mumbai,19.0761,72.8775,Data Science (MS),Admit
Mumbai,19.0761,72.8775,Data Science (MS),Admit
Mumbai,19.0761,72.8775,Data Science (MS),Admit
Mumbai,19.0761,72.8775,Data Science (MS),Admit
Mumbai,19.0761,72.8775,Data Science (MS),Admit
Mumbai,19.0761,72.8775,Data Science (MS),Admit
Mumbai,19.0761,72.8775,Data Science (MS),Admit
Mumbai,19.0761,72.8775,Data Science (MS),Admit
Mumbai,19.0761,72.8775,Data Science (MS),Admit-Coming
Mumbai,19.0761,72.8775,Data Science (MS),Admit-Coming
Mumbai,19.0761,72.8775,Data Science (MS),Admit-Coming
Mumbai,19.0761,72.8775,Data Science (MS),Admit-Coming
Mumbai,19.0761,72.8775,Data Science (MS),Admit-Coming
Mumbai,19.0761,72.8775,Data Science (MS),Admit-Coming
Mumbai,19.0761,72.8775,Data Science (MS),Admit-Coming
Mumbai,19.0761,72.8775,Data Science (MS),Admit-Not Coming
Mumbai,19.0761,72.8775,Data Science (MS),Denied
Mumbai,19.0761,72.8775,Data Science (MS),Denied
Mumbai,19.0761,72.8775,Data Science (MS),Denied
Mumbai,19.0761,72.8775,Data Science (MS),Denied
Mumbai,19.0761,72.8775,Mathematical Sciences (MS),Admit
Mumbai,19.0761,72.8775,Psychology: Psychological Sciences (MA),Started App
Mumbai,19.0761,72.8775,Psychology: Psychological Sciences (MA),Complete App
Murray,40.6498,-111.8874,English (MA),Started App
Mysore,12.3086,76.6531,Computer Science: Scientific Computing (MS),Admit-Coming
Mysore,12.3086,76.6531,Data Science (MS),Started App
Mysore,12.3086,76.6531,Data Science (MS),Admit
Naga City,13.6244,123.1864,Public Affairs/Community Development (PHD),Denied
Nagpur,21.1497,79.0806,Computer Science: Scientific Computing (MS),Complete App
Nagpur,21.1497,79.0806,Computer Science: Scientific Computing (MS),Complete App
Nagpur,21.1497,79.0806,Data Science (MS),Submitted App
Nagpur,21.1497,79.0806,Data Science (MS),Denied
Nairobi,-1.2864,36.8172,Childhood Studies (MA),Submitted App
Nairobi,-1.2864,36.8172,Creative Writing (MFA) Camden,Complete App
Nairobi,-1.2864,36.8172,Data Science (MS),Started App
Nairobi,-1.2864,36.8172,Data Science (MS),Admit-Coming
Nairobi,-1.2864,36.8172,Forensic Science (MS),Admit-Coming
Nairobi,-1.2864,36.8172,Prevention Science (MS),Denied
Nairobi,-1.2864,36.8172,Psychology: Psychological Sciences (MA),Admit
Nalgonda,17.05,79.27,Data Science (MS),Started App
Nanded,19.15,77.3,Public Affairs/Community Development (PHD),Denied
Nandigama,16.7833,80.3,Computer Science: Scientific Computing (MS),Submitted App
nanjing,32.0608,118.7789,Biology: Computational and Integrative (PHD),Denied
Nanjing,32.0608,118.7789,Biology (MS),Admit
Nanjing,32.0608,118.7789,Chemistry (MS),Complete App
Nanjing,32.0608,118.7789,Computer Science: Scientific Computing (MS),Denied
Narasaraopet,16.25,80.07,Data Science (MS),Denied
Nashville,36.1715,-86.7842,Creative Writing (MFA) Camden,Complete App
Nasik,20,73.78,Data Science (MS),Submitted App
Nassau,25.0781,-77.3386,Prevention Science (PHD),Admit-Coming
Nellore,14.45,79.99,Data Science (MS),Admit
Nellore,14.45,79.99,Data Science (MS),Admit-Coming
Neptune,40.2105,-74.0539,"History (American, Global, Public) (MA)",Admit-Withdrawn
Neptune,40.2105,-74.0539,"Public Administration, Executive Program (West Windsor, Saturday Morning) (MPA)",Admit-Coming
New Brunswick,40.487,-74.445,Psychology: Psychological Sciences (MA),Complete App
New Delhi,28.6139,77.209,Chemistry (MS),Complete App
New Delhi,28.6139,77.209,Computer Science: Scientific Computing (MS),Complete App
New Delhi,28.6139,77.209,Computer Science: Scientific Computing (MS),Complete App
New Delhi,28.6139,77.209,Computer Science: Scientific Computing (MS),Complete App
New Delhi,28.6139,77.209,Creative Writing (MFA) Camden,Submitted App
New Delhi,28.6139,77.209,Data Science (MS),Started App
New Delhi,28.6139,77.209,Data Science (MS),Submitted App
NEW DELHI,28.6139,77.209,Data Science (MS),Admit
New Delhi,28.6139,77.209,Data Science (MS),Admit
New Delhi,28.6139,77.209,Data Science (MS),Denied
New Delhi,28.6139,77.209,English (MA),Complete App
New Delhi,28.6139,77.209,Psychology: Psychological Sciences (MA),Complete App
New Delhi,28.6139,77.209,Psychology: Psychological Sciences (MA),Admit-Coming
New Delhi,28.6139,77.209,Public Affairs/Community Development (MS),Complete App
New Hyde Park,40.7323,-73.6858,Psychology: Psychological Sciences (MA),Complete App
New Milford,40.9337,-74.0196,Data Science (MS),Admit
New Orleans,30.0687,-89.9288,Creative Writing (MFA) Camden,Started App
New Paltz,41.7577,-74.0883,Childhood Studies (PHD),Admit
New Taipei City,25.016983,121.462787,Biology: Computational and Integrative (MS),Admit
New York,40.6943,-73.9249,Biology: Computational and Integrative (MS),Denied
New York,40.6943,-73.9249,Biology: Computational and Integrative (PHD),Denied
New York,40.6943,-73.9249,Childhood Studies (PHD),Admit
New York,40.6943,-73.9249,Creative Writing (MFA) Camden,Started App
New York,40.6943,-73.9249,Creative Writing (MFA) Camden,Complete App
New York,40.6943,-73.9249,Creative Writing (MFA) Camden,Complete App
New York,40.6943,-73.9249,Creative Writing (MFA) Camden,Complete App
New York,40.6943,-73.9249,Data Science (MS),Admit
New York,40.6943,-73.9249,"History (American, Global, Public) (MA)",Admit
New York,40.6943,-73.9249,Prevention Science (PHD),Started App
New York,40.6943,-73.9249,Prevention Science (PHD),Denied
New York,40.6943,-73.9249,Psychology: Psychological Sciences (MA),Complete App
New York,40.6943,-73.9249,Public Affairs/Community Development (MS),Started App
New York,40.6943,-73.9249,Public Affairs/Community Development (MS),Denied
New York,40.6943,-73.9249,Public Affairs/Community Development (PHD),Alternative Admission
New York,40.6943,-73.9249,Teacher Education - Spanish (MAT),Started App
Newark,40.7245,-74.1725,Biology (MS),Denied
Newark,40.7245,-74.1725,Childhood Studies (PHD),Started App
Newark,40.7245,-74.1725,Creative Writing (MFA) Camden,Complete App
Newark,40.7245,-74.1725,Criminal Justice (MA),Admit-Coming
Newington,41.687,-72.7308,Mathematical Sciences (MS),Admit
Newtown,41.3988,-73.2927,English (MA),Complete App
Nizamabad,18.672,78.094,Data Science (MS),Admit-Coming
Noida,28.57,77.32,Biology: Computational and Integrative (PHD),Denied
Noida,28.57,77.32,Computer Science: Scientific Computing (MS),Complete App
NOIDA,28.57,77.32,Computer Science: Scientific Computing (MS),Denied
North Bethesda,39.0393,-77.1191,Biology: Computational and Integrative (PHD),Started App
North Olmsted,41.4149,-81.919,Prevention Science (PHD),Admit-Coming
Northampton,52.2304,-0.8938,Public Affairs/Community Development (MS),Admit
Northfield,52.408,-1.963,Chemistry (MS),Admit
Nottingham,52.9533,-1.15,Mathematical Sciences (MS),Admit-Coming
Nutley,40.8192,-74.1571,"Public Administration, Executive Program (West Windsor, Saturday Morning) (MPA)",Submitted App
Oak Ridge,28.4727,-81.4169,Biology - Accelerated Degree BA/MS (MS),Started App
Oakland,37.7904,-122.2166,Forensic Science (MS),Admit
Oakland,37.7904,-122.2166,Public Affairs/Community Development (MS),Admit
Ocean,40.252,-74.0392,Creative Writing (MFA) Camden,Started App
Oceanside,33.2247,-117.3083,Creative Writing (MFA) Camden,Started App
Old Bridge,40.4004,-74.3126,Psychology: Psychological Sciences (MA),Complete App
ONGOLE,15.506,80.049,Data Science (MS),Admit-Coming
Ongole,15.506,80.049,Data Science (MS),Admit-Coming
Orange,33.8038,-117.8218,Psychology: Psychological Sciences (MA),Complete App
Orange,33.8038,-117.8218,Public Affairs/Community Development (MS),Denied
Orlando,28.4773,-81.337,"History (American, Global, Public) (MA)",Admit-Coming
Orlando,28.4773,-81.337,Psychology: Psychological Sciences (MA),Started App
Orlando,28.4773,-81.337,Psychology: Psychological Sciences (MA),Complete App
Ouagadougou,12.3686,-1.5275,Business and Science - Computer and Information Sciences (MBS) Camden,Started App
Owerri,5.4833,7.0333,English (MA),Complete App
Oxford,51.7519,-1.2578,Biology: Computational and Integrative (MS),Admit
Oxford,51.7519,-1.2578,Business and Science - Computer and Information Sciences (MBS) Camden,Admit
Oxford,51.7519,-1.2578,Creative Writing (MFA) Camden,Complete App
Oyo,7.85,3.933,Public Administration - On Campus (MPA),Started App
Palmetto Bay,25.6219,-80.3221,Creative Writing (MFA) Camden,Complete App
Panvel,18.9944,73.1139,Biology (MS),Admit
PARIS,48.8567,2.3522,Biology: Computational and Integrative (PHD),Alternative Admission
Pathanamthitta,9.2648,76.787,Data Science (MS),Started App
Patna,25.6,85.1,Computer Science: Scientific Computing (MS),Admit-Coming
Patna,25.6,85.1,Criminal Justice (MA),Started App
Patna,25.6,85.1,Data Science (MS),Started App
Patna,25.6,85.1,Data Science (MS),Started App
Peddapalli,18.6162,79.3832,Data Science (MS),Submitted App
Pennsauken,39.9649,-75.0563,Biology (MS),Admit
Pennsauken,39.9649,-75.0563,Childhood Studies (PHD),Admit-Coming
Pennsauken,39.9649,-75.0563,Criminal Justice (MA),Started App
Pennsauken,39.9649,-75.0563,English (MA),Complete App
Pennsauken,39.9649,-75.0563,"History (American, Global, Public) (MA)",Admit-Coming
Pennsauken,39.9649,-75.0563,Public Affairs/Community Development (MS),Started App
Pennsauken,39.9649,-75.0563,Public Affairs/Community Development (PHD),Admit-Coming
Philadelphia,40.0077,-75.1339,Biology: Computational and Integrative (PHD),Started App
Philadelphia,40.0077,-75.1339,Biology: Computational and Integrative (PHD),Admit-Coming
Philadelphia,40.0077,-75.1339,Biology: Computational and Integrative (PHD),Waitlisted
Philadelphia,40.0077,-75.1339,Computer Science: Scientific Computing (MS),Denied
Philadelphia,40.0077,-75.1339,Creative Writing (MFA) Camden,Started App
Philadelphia,40.0077,-75.1339,Creative Writing (MFA) Camden,Started App
Philadelphia,40.0077,-75.1339,Creative Writing (MFA) Camden,Complete App
Philadelphia,40.0077,-75.1339,Creative Writing (MFA) Camden,Complete App
Philadelphia,40.0077,-75.1339,Creative Writing (MFA) Camden,Complete App
Philadelphia,40.0077,-75.1339,Creative Writing (MFA) Camden,Complete App
Philadelphia,40.0077,-75.1339,Creative Writing (MFA) Camden,Complete App
Philadelphia,40.0077,-75.1339,Creative Writing (MFA) Camden,Complete App
Philadelphia,40.0077,-75.1339,Creative Writing (MFA) Camden,Complete App
Philadelphia,40.0077,-75.1339,Creative Writing (MFA) Camden,Complete App
Philadelphia,40.0077,-75.1339,Creative Writing (MFA) Camden,Complete App
Philadelphia,40.0077,-75.1339,Creative Writing (MFA) Camden,Complete App
Philadelphia,40.0077,-75.1339,Creative Writing (MFA) Camden,Complete App
Philadelphia,40.0077,-75.1339,Creative Writing (MFA) Camden,Complete App
Philadelphia,40.0077,-75.1339,Creative Writing (MFA) Camden,Admit-Coming
Philadelphia,40.0077,-75.1339,English (MA),Started App
Philadelphia,40.0077,-75.1339,"History (American, Global, Public) (MA)",Admit-Coming
Philadelphia,40.0077,-75.1339,Prevention Science (PHD),Alternative Admission
Philadelphia,40.0077,-75.1339,Psychology: Psychological Sciences (MA),Complete App
Philadelphia,40.0077,-75.1339,"Public Administration, Executive Program (West Windsor, Saturday Morning) (MPA)",Admit-Coming
Philadelphia,40.0077,-75.1339,Public Administration - On Campus (MPA),Started App
Philadelphia,40.0077,-75.1339,Public Administration - On Campus (MPA),Started App
Philadelphia,40.0077,-75.1339,Public Administration - On Campus (MPA),Started App
Philadelphia,40.0077,-75.1339,Public Administration - On Campus (MPA),Admit-Coming
Philadelphia,40.0077,-75.1339,Public Administration - On Campus (MPA),Admit-Coming
Philadelphia,40.0077,-75.1339,Public Affairs/Community Development (MS),Denied
Philadelphia,40.0077,-75.1339,Teacher Education (MAT),Admit-Coming
Philadelphia,40.0077,-75.1339,Teacher Education - Spanish (MAT),Admit-Coming
Phoenix,33.5722,-112.0892,Creative Writing (MFA) Camden,Complete App
Phoenix,33.5722,-112.0892,Public Affairs/Community Development (PHD),Admit-Withdrawn
Pingdingshan,33.735,113.2999,English (MA),Complete App
Piscataway,40.5467,-74.4636,Biology: Computational and Integrative (PHD),Alternative Admission
Piscataway,40.5467,-74.4636,Biology: Computational and Integrative (PHD),Denied
Piscataway,40.5467,-74.4636,Childhood Studies (MA),Complete App
Piscataway,40.5467,-74.4636,Data Science (MS),Started App
Piscataway,40.5467,-74.4636,Data Science (MS),Complete App
Piscataway,40.5467,-74.4636,Public Affairs/Community Development (MS),Denied
Pitman,39.7335,-75.1306,Creative Writing (MFA) Camden,Complete App
Pittsburgh,40.4397,-79.9763,Biology: Computational and Integrative (PHD),Withdrawn
Pittsburgh,40.4397,-79.9763,Creative Writing (MFA) Camden,Complete App
Pokhara,28.2083,83.9889,Biology: Computational and Integrative (PHD),Denied
Pokhara,28.2083,83.9889,Data Science (MS),Admit-Coming
Ponda,15.4034,74.0152,Computer Science: Scientific Computing (MS),Denied
Port Harcourt,4.8242,7.0336,Biology: Computational and Integrative (MS),Denied
Port Harcourt,4.8242,7.0336,Chemistry (MS),Admit-Coming
Port Harcourt,4.8242,7.0336,Computer Science: Scientific Computing (MS),Submitted App
Port Harcourt,4.8242,7.0336,Creative Writing (MFA) Camden,Started App
Portland,45.5371,-122.65,Creative Writing (MFA) Camden,Complete App
Portland,45.5371,-122.65,Teacher Education - Spanish (MAT),Admit-Coming
Portmore,17.95,-76.8799,Chemistry (MS),Submitted App
Princeton,25.5396,-80.3971,Childhood Studies (PHD),Started App
Pune,18.5203,73.8567,Biology: Computational and Integrative (PHD),Started App
Pune,18.5203,73.8567,Biology: Computational and Integrative (PHD),Admit-Coming
PUNE,18.5203,73.8567,Computer Science: Scientific Computing (MS),Submitted App
Pune,18.5203,73.8567,Computer Science: Scientific Computing (MS),Submitted App
Pune,18.5203,73.8567,Computer Science: Scientific Computing (MS),Submitted App
PUNE,18.5203,73.8567,Computer Science: Scientific Computing (MS),Complete App
Pune,18.5203,73.8567,Computer Science: Scientific Computing (MS),Complete App
Pune,18.5203,73.8567,Computer Science: Scientific Computing (MS),Complete App
Pune,18.5203,73.8567,Computer Science: Scientific Computing (MS),Complete App
Pune,18.5203,73.8567,Computer Science: Scientific Computing (MS),Complete App
Pune,18.5203,73.8567,Creative Writing (MFA) Camden,Started App
Pune,18.5203,73.8567,Data Science (MS),Started App
Pune,18.5203,73.8567,Data Science (MS),Started App
Pune,18.5203,73.8567,Data Science (MS),Started App
Pune,18.5203,73.8567,Data Science (MS),Started App
Pune,18.5203,73.8567,Data Science (MS),Started App
Pune,18.5203,73.8567,Data Science (MS),Started App
Pune,18.5203,73.8567,Data Science (MS),Admit
Pune,18.5203,73.8567,Data Science (MS),Admit
Pune,18.5203,73.8567,Data Science (MS),Admit
Pune,18.5203,73.8567,Data Science (MS),Admit
Pune,18.5203,73.8567,Data Science (MS),Admit
Pune,18.5203,73.8567,Data Science (MS),Admit
Pune,18.5203,73.8567,Data Science (MS),Admit
Pune,18.5203,73.8567,Data Science (MS),Admit-Coming
Pune,18.5203,73.8567,Data Science (MS),Admit-Coming
Pune,18.5203,73.8567,Data Science (MS),Admit-Coming
Pune,18.5203,73.8567,Data Science (MS),Admit-Coming
Pune,18.5203,73.8567,Data Science (MS),Admit-Coming
Pune,18.5203,73.8567,Psychology: Psychological Sciences (MA),Admit-Coming
Qazvin,36.2667,50,Computer Science: Scientific Computing (MS),Admit
Qom,34.64,50.8764,Chemistry (MS),Complete App
Quakertown,40.4398,-75.3455,"History (American, Global, Public) (MA)",Admit
Quincy,42.2506,-71.0187,Psychology: Psychological Sciences (MA),Submitted App
Rahway,40.6077,-74.2807,Criminal Justice (MA),Started App
Rajahmundry,16.98,81.78,Data Science (MS),Started App
Rajahmundry,16.98,81.78,Data Science (MS),Started App
Rajahmundry,16.98,81.78,Data Science (MS),Admit
Rajkot,22.3,70.7833,Data Science (MS),Admit
Rajkot,22.3,70.7833,Data Science (MS),Admit
Raleigh,35.8324,-78.6429,Creative Writing (MFA) Camden,Complete App
Randallstown,39.3723,-76.8024,Creative Writing (MFA) Camden,Complete App
Randolph,42.1778,-71.0539,Forensic Science (MS),Admit-Coming
Rasht,37.2808,49.5831,Biology: Computational and Integrative (PHD),Admit-Withdrawn
Razan,35.3867,49.0339,Data Science (MS),Started App
Red Bank,40.348,-74.0672,"Public Administration, Executive Program (West Windsor, Saturday Morning) (MPA)",Submitted App
Rensselaer,42.6465,-73.7328,English (MA),Complete App
Renton,47.4784,-122.1918,Liberal Studies - Online (MA),Started App
Richmond,37.5295,-77.4756,Biology: Computational and Integrative (MS),Admit-Coming
Richmond,37.5295,-77.4756,English (MA),Complete App
River Edge,40.9269,-74.0387,Liberal Studies - Online (MA),Admit-Coming
Riverside,33.9381,-117.3949,Psychology: Psychological Sciences (MA),Started App
RIYADH,24.6333,46.7167,Biology: Computational and Integrative (MS),Denied
Riyadh,24.6333,46.7167,Childhood Studies (PHD),Denied
Rockaway,40.9602,-74.4988,Biology: Computational and Integrative (PHD),Admit-Coming
Rohtak,28.8909,76.5796,Biology: Computational and Integrative (MS),Admit-Coming
Rohtak,28.8909,76.5796,Data Science (MS),Admit
Round Lake,42.3435,-88.1059,Creative Writing (MFA) Camden,Complete App
Roxbury,40.8822,-74.6523,Creative Writing (MFA) Camden,Complete App
Ruwa,-17.8897,31.2447,Chemistry (MS),Complete App
Rye,41.0075,-73.6872,Prevention Science (PHD),Denied
Rye,41.0075,-73.6872,Psychology: Psychological Sciences (MA),Complete App
Sagamu,6.84966,3.64819,Biology: Computational and Integrative (MS),Started App
Sahiwal,30.6611,73.1083,Biology: Computational and Integrative (MS),Admit
Salt Lake City,40.7776,-111.9311,Creative Writing (MFA) Camden,Complete App
San Angelo,31.4424,-100.4504,Creative Writing (MFA) Camden,Complete App
San Antonio,29.4632,-98.5238,Biology: Computational and Integrative (MS),Started App
SAN ANTONIO,29.4632,-98.5238,English (MA),Complete App
San Diego,32.8313,-117.1222,Data Science (MS),Started App
San Diego,32.8313,-117.1222,Psychology: Psychological Sciences (MA),Complete App
San Francisco,37.7558,-122.4449,Creative Writing (MFA) Camden,Complete App
San Francisco,37.7558,-122.4449,Creative Writing (MFA) Camden,Complete App
San Francisco,37.7558,-122.4449,Creative Writing (MFA) Camden,Complete App
San Francisco,37.7558,-122.4449,Data Science (MS),Admit
Sanandaj,35.3144,46.9922,Computer Science: Scientific Computing (MS),Submitted App
Santa Clara,22.4069,-79.9649,Chemistry - Accelerated BA/MS (MS),Complete App
Santa Clara,22.4069,-79.9649,Computer Science: Scientific Computing (MS),Complete App
Santa Clara,22.4069,-79.9649,Psychology: Psychological Sciences (MA),Complete App
Santa Clarita,34.4175,-118.4964,English (MA),Complete App
SAO LUIS,-2.5283,-44.3044,English (MA),Complete App
Sarab,37.9414,47.5367,Computer Science: Scientific Computing (MS),Submitted App
Sardasht,36.1542,45.4789,Psychology: Psychological Sciences (MA),Submitted App
Saugerties,42.0891,-73.9969,Criminal Justice (MA),Admit
Saugus,42.4681,-71.0145,Prevention Science (PHD),Denied
Schenectady,42.8025,-73.9275,Creative Writing (MFA) Camden,Complete App
Scotch Plains,40.6332,-74.3739,Data Science (MS),Submitted App
Scotch Plains,40.6332,-74.3739,Data Science (MS),Admit
Scranton,41.4044,-75.6649,Creative Writing (MFA) Camden,Complete App
Seattle,47.6211,-122.3244,Psychology: Psychological Sciences (MA),Submitted App
Secunderabad,17.4399,78.4983,Data Science (MS),Started App
Seoul,37.56,126.99,Childhood Studies (PHD),Admit
Shaker Heights,41.4744,-81.5496,Data Science (MS),Denied
Shanghai,31.1667,121.4667,Computer Science: Scientific Computing (MS),Complete App
Shanghai,31.1667,121.4667,Computer Science: Scientific Computing (MS),Complete App
Shanghai,31.1667,121.4667,Creative Writing (MFA) Camden,Started App
Shanghai,31.1667,121.4667,Data Science (MS),Started App
Shanghai,31.1667,121.4667,Data Science (MS),Admit
Shanghai,31.1667,121.4667,Psychology: Psychological Sciences (MA),Started App
Shanghai,31.1667,121.4667,Psychology: Psychological Sciences (MA),Admit
Shenzhen,22.535,114.054,Biology: Computational and Integrative (MS),Admit-Withdrawn
Shenzhen,22.535,114.054,Biology (MS),Admit
Shenzhen,22.535,114.054,Data Science (MS),Started App
Shenzhen,22.535,114.054,Data Science (MS),Admit-Withdrawn
Shenzhen,22.535,114.054,English (MA),Complete App
Shimoga,13.9333,75.5667,Computer Science: Scientific Computing (MS),Submitted App
Short Hills,40.7389,-74.3278,Biology: Computational and Integrative (MS),Admit
Sicklerville,39.7452,-74.9934,Creative Writing (MFA) Camden,Complete App
Sicklerville,39.7452,-74.9934,English (MA),Started App
Sicklerville,39.7452,-74.9934,Psychology: Psychological Sciences (MA),Started App
Sicklerville,39.7452,-74.9934,Psychology: Psychological Sciences (MA),Started App
Sicklerville,39.7452,-74.9934,Psychology: Psychological Sciences (MA),Complete App
Sicklerville,39.7452,-74.9934,"Public Administration, Executive Program (West Windsor, Saturday Morning) (MPA)",Started App
Sicklerville,39.7452,-74.9934,Public Affairs/Community Development (PHD),Submitted App
Sirajganj,24.45,89.75,Biology: Computational and Integrative (PHD),Admit-Coming
Skokie,42.036,-87.74,Creative Writing (MFA) Camden,Started App
Solapur,17.68,75.92,Data Science (MS),Admit
Somerset,40.5083,-74.501,Business and Science - Computer and Information Sciences (MBS) Camden,Started App
Somerset,40.5083,-74.501,Computer Science - Accelerated Degree BS/MS (MS),Started App
Somerset,40.5083,-74.501,Data Science (MS),Denied
Somerset,40.5083,-74.501,English (MA),Complete App
Somerset,40.5083,-74.501,Psychology: Psychological Sciences (MA),Complete App
sonipat,28.99,77.022,Computer Science: Scientific Computing (MS),Submitted App
Southfield,42.4765,-83.2605,Psychology: Psychological Sciences (MA),Complete App
Sparta,41.0486,-74.6264,Teacher Education (MAT),Started App
Spring,30.0613,-95.383,Criminal Justice (MA),Submitted App
Spring Lake,35.1843,-78.9962,Prevention Science (PHD),Deferred to Spring
Spring Lake,35.1843,-78.9962,Psychology: Psychological Sciences (MA),Complete App
Springfield,40.701694,-74.322215,Biology: Computational and Integrative (MS),Started App
Springfield,42.1155,-72.5395,Creative Writing (MFA) Camden,Started App
Srinagar,34.09,74.79,Data Science (MS),Admit
St. Louis,38.6359,-90.2451,English (MA),Complete App
St. Louis,38.6359,-90.2451,Psychology: Psychological Sciences (MA),Started App
Stamford,41.1039,-73.5585,Psychology: Psychological Sciences (MA),Complete App
State College,40.7909,-77.8567,Biology: Computational and Integrative (PHD),Started App
State College,40.7909,-77.8567,Psychology: Psychological Sciences (MA),Complete App
Staten Island,40.5834,-74.1496,Chemistry (MS),Complete App
Staten Island,40.5834,-74.1496,Data Science (MS),Submitted App
Staten Island,40.5834,-74.1496,Psychology: Psychological Sciences (MA),Complete App
Staten Island,40.5834,-74.1496,Public Administration - On Campus (MPA),Admit-Coming
Stratford,51.5423,-0.0026,Chemistry (NOD),Submitted App
Stratford,51.5423,-0.0026,"History (American, Global, Public) (MA)",Deferred to Fall
Succasunna,40.853,-74.6568,Forensic Science (MS),Admit
Sunderland,54.906,-1.381,Psychology: Psychological Sciences (MA),Started App
Sunyani,7.3333,-2.3333,Childhood Studies (PHD),Started App
SUNYANI,7.3333,-2.3333,Childhood Studies (PHD),Denied
Surat,21.1702,72.8311,Computer Science: Scientific Computing (MS),Started App
Surat,21.1702,72.8311,Data Science (MS),Started App
Surat,21.1702,72.8311,Data Science (MS),Started App
Surat,21.1702,72.8311,Data Science (MS),Admit
SURAT,21.1702,72.8311,Data Science (MS),Admit-Coming
Sylva,57.3139,58.7889,Prevention Science (PHD),Admit-Coming
Syracuse,43.0407,-76.1437,"History (American, Global, Public) (MA)",Admit
Tabriz,38.0814,46.3006,Creative Writing (MFA) Camden,Submitted App
Taipei,25.0375,121.5625,English (MA),Complete App
Taiyuan,37.8733,112.5425,Chemistry (MS),Complete App
Tallahassee,30.4551,-84.2527,Creative Writing (MFA) Camden,Admit
TAMALE,9.4075,-0.8533,English (MA),Complete App
Tbilisi,41.7225,44.7925,English (MA),Complete App
Tehran,35.6892,51.3889,Biology: Computational and Integrative (PHD),Complete App
Tehran,35.6892,51.3889,Biology (MS),Submitted App
Tehran,35.6892,51.3889,Biology (MS),Admit
Tehran,35.6892,51.3889,Biology (MS),Admit-Coming
tehran,35.6892,51.3889,Biology (MS),Admit-Coming
tehran,35.6892,51.3889,Chemistry (MS),Complete App
Tehran,35.6892,51.3889,Creative Writing (MFA) Camden,Complete App
Tehran,35.6892,51.3889,Data Science (MS),Admit-Coming
Tehran,35.6892,51.3889,Data Science (MS),Denied
Tehran,35.6892,51.3889,English (MA),Submitted App
Tehran,35.6892,51.3889,English (MA),Complete App
Tehran,35.6892,51.3889,English (MA),Complete App
Tehran,35.6892,51.3889,Prevention Science (PHD),Admit-Coming
Tehran,35.6892,51.3889,Psychology: Psychological Sciences (MA),Submitted App
Tehran,35.6892,51.3889,Psychology: Psychological Sciences (MA),Submitted App
Tehran,35.6892,51.3889,Public Administration - On Campus (MPA),Complete App
tehran,35.6892,51.3889,Public Affairs/Community Development (MS),Complete App
Tehran,35.6892,51.3889,Public Affairs/Community Development (MS),Complete App
Tehran,35.6892,51.3889,Public Affairs/Community Development (MS),Complete App
Tehran,35.6892,51.3889,Public Affairs/Community Development (PHD),Denied
Temple Terrace,28.0436,-82.3773,Chemistry (MS),Admit-Coming
Tenali,16.239,80.645,Computer Science: Scientific Computing (MS),Complete App
Tenali,16.239,80.645,Data Science (MS),Admit-Coming
Terre Haute,39.466,-87.3751,Psychology: Psychological Sciences (MA),Complete App
Terrebonne,45.7,-73.6333,Biology: Computational and Integrative (PHD),Denied
Thane,19.1972,72.9722,Computer Science: Scientific Computing (MS),Started App
Thane,19.1972,72.9722,Computer Science: Scientific Computing (MS),Complete App
THANE,19.1972,72.9722,Data Science (MS),Started App
Thane,19.1972,72.9722,Data Science (MS),Admit
Thane,19.1972,72.9722,Data Science (MS),Admit
Thane,19.1972,72.9722,Data Science (MS),Admit-Coming
Thane,19.1972,72.9722,Data Science (MS),Admit-Coming
Thane,19.1972,72.9722,Data Science (MS),Denied
Thane,19.1972,72.9722,Forensic Science (MS),Submitted App
Thimphu,27.4722,89.6361,English (MA),Submitted App
Thiruvananthapuram,8.4875,76.9525,Computer Science: Scientific Computing (MS),Complete App
Tinley Park,41.567,-87.8049,Creative Writing (MFA) Camden,Complete App
Tirupati,13.65,79.4167,Computer Science: Scientific Computing (MS),Submitted App
Tirupati,13.65,79.4167,Data Science (MS),Started App
Tirupati,13.65,79.4167,Data Science (MS),Started App
Tirupati,13.65,79.4167,Data Science (MS),Started App
Tirupati,13.65,79.4167,Data Science (MS),Started App
Tirupati,13.65,79.4167,Data Science (MS),Admit-Coming
Toms River,39.9895,-74.1654,Data Science (MS),Admit
Toronto,43.7417,-79.3733,Mathematical Sciences (MS),Admit
Toronto,43.7417,-79.3733,Public Affairs/Community Development (PHD),Admit
Trenton,40.2237,-74.7641,Biology (MS),Admit
Trenton,40.2237,-74.7641,Public Affairs/Community Development (PHD),Admit-Coming
Trenton,40.2237,-74.7641,Public Affairs/Community Development (PHD),Denied
Troy,42.5817,-83.1457,Psychology: Psychological Sciences (MA),Complete App
Tucson,32.1541,-110.8787,Prevention Science (PHD),Denied
Tucson,32.1541,-110.8787,Psychology: Psychological Sciences (MA),Complete App
Tulsa,36.1283,-95.9042,Psychology: Psychological Sciences (MA),Complete App
Tuscaloosa,33.2348,-87.5268,Psychology: Psychological Sciences (MA),Started App
Udaipur,24.58,73.68,Data Science (MS),Admit
Ulaanbaatar,47.9203,106.9172,Data Science (MS),Started App
Ulhasnagar,19.22,73.15,Data Science (MS),Complete App
Umuahia,5.5333,7.4833,Biology: Computational and Integrative (PHD),Denied
Union City,40.7675,-74.0323,Data Science (MS),Started App
Upper Darby,39.949,-75.2891,Public Administration - On Campus (MPA),Started App
Utica,43.0962,-75.2261,"History (American, Global, Public) (MA)",Admit-Coming
Uttarpara,22.67,88.35,English (MA),Complete App
Vadodara,22.3,73.2,Computer Science: Scientific Computing (MS),Complete App
VADODARA,22.3,73.2,Computer Science: Scientific Computing (MS),Complete App
Vadodara,22.3,73.2,Computer Science: Scientific Computing (MS),Complete App
Vadodara,22.3,73.2,Data Science (MS),Admit-Coming
Vancouver,49.25,-123.1,Prevention Science (MS),Admit
Vancouver,49.25,-123.1,Psychology: Psychological Sciences (MA),Complete App
Vancouver,49.25,-123.1,Teacher Education (MAT),Started App
Vellore,12.9165,79.1325,Data Science (MS),Submitted App
Ventnor City,39.3457,-74.486,Psychology: Psychological Sciences (MA),Started App
Ventnor City,39.3457,-74.486,Teacher Education (MAT),Started App
Vijayawada,16.5193,80.6305,Biology: Computational and Integrative (MS),Started App
Vijayawada,16.5193,80.6305,Computer Science: Scientific Computing (MS),Started App
Vijayawada,16.5193,80.6305,Computer Science: Scientific Computing (MS),Admit-Coming
Vijayawada,16.5193,80.6305,Data Science (MS),Started App
Vijayawada,16.5193,80.6305,Data Science (MS),Started App
Vijayawada,16.5193,80.6305,Data Science (MS),Submitted App
Vijayawada,16.5193,80.6305,Data Science (MS),Submitted App
VIJAYAWADA,16.5193,80.6305,Data Science (MS),Admit
Vijayawada,16.5193,80.6305,Data Science (MS),Admit-Coming
Vineland,39.4653,-74.9981,Prevention Science (PHD),Denied
Vineland,39.4653,-74.9981,Psychology: Psychological Sciences (MA),Started App
Vishakhapatnam,17.7042,83.2978,Computer Science: Scientific Computing (MS),Denied
VISSANNAPETA,16.95,80.7833,Computer Science: Scientific Computing (MS),Started App
Voorhees,39.845,-74.9549,Biology (MS),Started App
Voorhees,39.845,-74.9549,Criminal Justice (MA),Admit-Coming
Voorhees,39.845,-74.9549,Criminal Justice (MA),Admit-Coming
Voorhees,39.845,-74.9549,Data Science (MS),Admit-Coming
Voorhees,39.845,-74.9549,Prevention Science (PHD),Started App
Voorhees,39.845,-74.9549,Prevention Science (PHD),Admit
Voorhees,39.845,-74.9549,Teacher Education (MAT),Started App
Warangal,17.9689,79.5941,Computer Science: Scientific Computing (MS),Started App
Warren,42.4934,-83.027,Psychology: Psychological Sciences (MA),Started App
Washington,38.9047,-77.0163,Creative Writing (MFA) Camden,Denied
Washington,38.9047,-77.0163,Psychology: Psychological Sciences (MA),Complete App
Washington,38.9047,-77.0163,Public Administration - On Campus (MPA),Started App
Waterford works,52.246958,-7.145327,Biology (MS),Complete App
Watertown,43.9734,-75.9094,Psychology: Psychological Sciences (MA),Admit
Wayne,40.9481,-74.2453,Biology: Computational and Integrative (PHD),Denied
Weehawken,40.7677,-74.0168,Public Affairs/Community Development (PHD),Started App
Weifang,36.7167,119.1,Data Science (MS),Denied
Wellington,-41.2889,174.7772,English (MA),Complete App
Wenonah,39.329014,-89.287561,Biology (MS),Admit-Coming
Wenonah,39.329014,-89.287561,Forensic Science (MS),Started App
West Caldwell,40.8488,-74.2971,Childhood Studies (MA),Started App
Delhi,28.61,77.23,Psychology: Psychological Sciences (MA),Complete App
West Deptford,39.8431,-75.1852,Biology (MS),Submitted App
West Deptford,39.8431,-75.1852,Forensic Science (MS),Admit
West Deptford,39.8431,-75.1852,"History (American, Global, Public) (MA)",Admit
West Deptford,39.8431,-75.1852,Public Affairs/Community Development (MS),Admit
West Haven,41.2739,-72.9672,Psychology: Psychological Sciences (MA),Started App
Westampton,40.0168,-74.8213,Liberal Studies - Online (MA),Admit-Coming
Westerville,40.1241,-82.921,Psychology: Psychological Sciences (MA),Started App
Westerville,40.1241,-82.921,Psychology: Psychological Sciences (MA),Admit-Coming
Westville,-29.831,30.925,Computer Science: Scientific Computing (MS),Started App
Westville,-29.831,30.925,Psychology: Psychological Sciences (MA),Started App
Williamstown,39.6874,-74.9786,Computer Science: Scientific Computing (MS),Started App
Williamstown,39.6874,-74.9786,Criminal Justice (MA),Admit
Williamstown,39.6874,-74.9786,"History (American, Global, Public) (MA)",Started App
Williamstown,39.6874,-74.9786,Prevention Science (PHD),Admit-Coming
Willingboro,40.028,-74.8882,Criminal Justice (MA),Admit-Coming
Willow Grove,40.1469,-75.1174,Biology: Computational and Integrative (PHD),Denied
Wilmington,34.2099,-77.8866,Creative Writing (MFA) Camden,Complete App
Windsor,42.2833,-83,Liberal Studies - Online (MA),Submitted App
Windsor Locks,41.9267,-72.6544,Data Science (MS),Admit
Winnsboro,34.380701,-81.086478,Psychology: Psychological Sciences (MA),Complete App
Winona,44.0505,-91.6684,Creative Writing (MFA) Camden,Complete App
Winston Salem,36.098671,-80.24421,Psychology: Psychological Sciences (MA),Complete App
Woodbridge,40.5611,-74.2943,Public Affairs/Community Development (MS),Started App
Woodbury,44.9057,-92.923,Public Affairs/Community Development (PHD),Admit
Worcester,42.2705,-71.8079,English (MA),Complete App
Wuhan,30.5872,114.2881,Biology (MS),Admit
Wuhan,30.5872,114.2881,Data Science (MS),Admit-Coming
Wuhan,30.5872,114.2881,Data Science (MS),Denied
Wukari,7.8704,9.78,Biology (MS),Admit-Coming
Xiamen,24.4797,118.0819,Computer Science: Scientific Computing (MS),Admit-Coming
Xi'an,34.2667,108.9,Biology: Computational and Integrative (MS),Denied
Xi'an,34.2667,108.9,Computer Science: Scientific Computing (MS),Complete App
Yanbu Industrial city,24.0867,38.058552,Criminal Justice (MA),Admit-Coming
Yazd,31.8822,54.3397,Psychology: Psychological Sciences (MA),Complete App
Yerevan,40.1814,44.5144,Creative Writing (MFA) Camden,Complete App
Yiwu,29.3081,120.0698,Psychology: Psychological Sciences (MA),Complete App
Ypsilanti,42.244,-83.6208,Psychology: Psychological Sciences (MA),Started App
Zhuhai,22.2769,113.5678,Creative Writing (MFA) Camden,Admit-Coming
Zhuhai,22.2769,113.5678,Data Science (MS),Admit
Zhumadian,32.9773,114.0253,Data Science (MS),Admit
Ziope,6.547199,0.69721,Public Administration - On Campus (MPA),Admit-Coming
Zurich,47.3744,8.5411,Biology (MS),Admit-Coming
