Program,Tier
"Public Administration, Executive Program (West Windsor, Saturday Morning) (MPA)",3
"Public Administration, Executive Program (West Windsor, Saturday Morning) (MPA)",2
"Public Administration, Executive Program (West Windsor, Saturday Morning) (MPA)",1
"Public Administration, Executive Program (West Windsor, Saturday Morning) (MPA)",0
Biology (MS),2
Biology (MS),4
Biology (MS),1
Biology (MS),4
Biology (MS),4
Biology: Computational and Integrative (MS),3
Business and Science - Computer and Information Sciences (MBS) Camden,3
Chemistry (MS),2
Chemistry (MS),2
Childhood Studies (MA),4
Childhood Studies (MA),4
Childhood Studies (MA),4
Childhood Studies (MA),4
Computer Science: Scientific Computing (MS),2
Computer Science: Scientific Computing (MS),3
Computer Science: Scientific Computing (MS),2
Computer Science: Scientific Computing (MS),3
Computer Science: Scientific Computing (MS),3
Computer Science: Scientific Computing (MS),2
Computer Science: Scientific Computing (MS),2
Computer Science: Scientific Computing (MS),3
Creative Writing (MFA) Camden,5
Creative Writing (MFA) Camden,5
Creative Writing (MFA) Camden,5
Creative Writing (MFA) Camden,5
Creative Writing (MFA) Camden,5
Creative Writing (MFA) Camden,5
Creative Writing (MFA) Camden,5
Criminal Justice (MA),3
Criminal Justice (MA),4
Teacher Education - Spanish (MAT),3
Criminal Justice - Accelerated Degree BA/MA (MA),1
Public Affairs/Community Development (PHD),0
Public Affairs/Community Development (PHD),4
Public Affairs/Community Development (PHD),0
Public Affairs/Community Development (PHD),3
Public Affairs/Community Development (PHD),0
Forensic Science (MS),3
Forensic Science (MS),3
"History (American, Global, Public) (MA)",4
"History (American, Global, Public) (MA)",4
"History (American, Global, Public) (MA)",4
"History (American, Global, Public) (MA)",5
"History (American, Global, Public) (MA)",4
"History (American, Global, Public) (MA)",4
"History (American, Global, Public) (MA)",4
"History (American, Global, Public) (MA)",4
"History (American, Global, Public) (MA)",4
"History (American, Global, Public) (MA)",4
"History (American, Global, Public) (MA)",4
"History (American, Global, Public) (MA)",4
"History (American, Global, Public) (MA)",4
"History (American, Global, Public) (MA)",4
"History (American, Global, Public) (MA)",4
"History (American, Global, Public) (MA)",4
"History (American, Global, Public) (MA)",4
"History (American, Global, Public) (MA)",5
"History (American, Global, Public) (MA)",4
"History (American, Global, Public) (MA)",4
Liberal Studies - Online (MA),4
Liberal Studies - Online (MA),4
Liberal Studies - Online (MA),2
Liberal Studies - Online (MA),2
Liberal Studies - Online (MA),3
Liberal Studies - Online (MA),4
Mathematical Sciences (MS),4
Mathematical Sciences (MS),3
Mathematical Sciences (MS),4
Mathematical Sciences (MS),3
Mathematical Sciences (MS),3
Psychology: Psychological Sciences (MA),4
Psychology: Psychological Sciences (MA),4
Psychology: Psychological Sciences (MA),2
Psychology: Psychological Sciences (MA),3
Psychology: Psychological Sciences (MA),3
Public Administration - On Campus (MPA),3
Public Administration - On Campus (MPA),2
Public Administration - On Campus (MPA),3
Public Administration - On Campus (MPA),3
Public Administration - On Campus (MPA),3
Public Administration - On Campus (MPA),2
Public Administration - On Campus (MPA),2
Public Administration - On Campus (MPA),3
Public Administration - On Campus (MPA),3
Public Administration - On Campus (MPA),3
Public Administration - On Campus (MPA),3
Public Affairs/Community Development (MS),3
Biology: Computational and Integrative (PHD),2
Biology: Computational and Integrative (PHD),5
Childhood Studies (PHD),4
Childhood Studies (PHD),5
Childhood Studies (PHD),5
Childhood Studies (PHD),4
Childhood Studies (PHD),4
Childhood Studies (PHD),4
Childhood Studies (PHD),5
Prevention Science (PHD),5
Prevention Science (PHD),0
Prevention Science (PHD),5
Prevention Science (PHD),4
Prevention Science (PHD),4
Data Science (MS),3
Data Science (MS),4
Data Science (MS),3
Data Science (MS),4
Data Science (MS),3
Data Science (MS),3
Data Science (MS),3
Data Science (MS),3
Data Science (MS),3
Data Science (MS),1
Data Science (MS),3
Data Science (MS),2
Data Science (MS),3
Data Science (MS),1
Data Science (MS),4
Data Science (MS),1
Data Science (MS),3
Data Science (MS),1
Data Science (MS),3
Data Science (MS),3
Data Science (MS),3
Data Science (MS),3
Data Science (MS),4
Data Science (MS),4
Data Science (MS),3
Data Science (MS),1
Data Science (MS),3
Data Science (MS),1
Data Science (MS),1
Data Science (MS),3
Data Science (MS),2
Data Science (MS),4
Data Science (MS),3
Data Science (MS),1
Data Science (MS),3
Data Science (MS),2
Data Science (MS),2
Data Science (MS),3
Data Science (MS),4
Data Science (MS),1
Data Science (MS),1
Data Science (MS),1
Data Science (MS),4
Data Science (MS),3
Data Science (MS),4
Data Science (MS),3
Data Science (MS),1
Data Science (MS),1
Data Science (MS),2
Data Science (MS),3
Data Science (MS),3
Data Science (MS),4
Data Science (MS),3
Data Science (MS),1
Data Science (MS),4
Data Science (MS),4
Data Science (MS),1
Data Science (MS),4
Data Science (MS),4
Data Science (MS),1
Data Science (MS),3
Data Science (MS),3
Data Science (MS),4
Data Science (MS),2
Data Science (MS),4
Data Science (MS),1
Data Science (MS),4
Data Science (MS),4
Data Science (MS),1
Data Science (MS),4
Data Science (MS),3
Data Science (MS),4
Data Science (MS),4
Data Science (MS),4
Data Science (MS),4
Data Science (MS),4
Data Science (MS),4
Data Science (MS),4
Data Science (MS),4
Data Science (MS),4
Data Science (MS),4
Data Science (MS),3
Data Science (MS),4
Data Science (MS),4
Data Science (MS),4
Data Science (MS),2
Data Science (MS),3
Data Science (MS),3
Data Science (MS),1
Data Science (MS),3
Data Science (MS),1
Data Science (MS),4
Data Science (MS),4
Data Science (MS),1
Data Science (MS),4
Data Science (MS),4
Data Science (MS),3
Data Science (MS),3
Data Science (MS),3
Data Science (MS),4
Data Science (MS),4
Data Science (MS),3
Data Science (MS),4
Data Science (MS),4
Data Science (MS),4
Data Science (MS),4
Data Science (MS),3
Data Science (MS),3
Data Science (MS),3
Data Science (MS),4
Data Science (MS),4
Data Science (MS),3
Data Science (MS),2
Data Science (MS),4
Data Science (MS),4
Data Science (MS),4
Data Science (MS),4
Data Science (MS),2
Data Science (MS),4
Data Science (MS),3
Data Science (MS),4
Data Science (MS),3
Data Science (MS),4
Data Science (MS),3
